Query,Last 7 days Clicks,Previous 7 days Clicks,Last 7 days Impressions,Previous 7 days Impressions,Last 7 days CTR,Previous 7 days CTR,Last 7 days Position,Previous 7 days Position
group facetime,5785,481,17715,1129,32.66%,42.60%,1.52,1.09
apple support,2371,2097,25116,22592,9.44%,9.28%,1.68,1.76
facetime group call,2337,156,13039,966,17.92%,16.15%,1.64,2.75
create apple id,2276,2135,18496,13052,12.31%,16.36%,4.19,4.09
apple id,2057,1042,101082,93266,2.03%,1.12%,2.96,3.21
apple id login,2041,2011,11069,7573,18.44%,26.55%,3.95,2.29
forgot apple id password,1589,1225,6795,4836,23.38%,25.33%,2.6,2.29
reset apple id password,1470,1072,5179,3813,28.38%,28.11%,1.23,1.48
facetime multiple people,1149,89,3991,336,28.79%,26.49%,1.89,1.79
apple id reset,1054,678,5580,3778,18.89%,17.95%,2.34,2.2
apple.com/bill sydney,971,952,2525,2524,38.46%,37.72%,1,1.01
apple id forgot password,967,716,3086,2166,31.34%,33.06%,1.87,1.93
facetime,918,213,16404,3047,5.60%,6.99%,3.57,1.49
group facetime call,904,21,3642,176,24.82%,11.93%,2.38,2.33
reset apple id,840,551,2748,1735,30.57%,31.76%,2.01,1.58
multiple facetime,819,19,2150,128,38.09%,14.84%,1.68,2.14
apple pay,745,814,8720,12938,8.54%,6.29%,3.75,4.79
apple support australia,733,664,1382,1272,53.04%,52.20%,1.03,1.04
apple id password reset,730,617,2305,1906,31.67%,32.37%,1.65,1.68
how to screenshot on mac,690,1139,16702,19216,4.13%,5.93%,1,1
change apple id password,690,458,3527,3072,19.56%,14.91%,1.13,1.07
find my iphone,663,841,30167,28631,2.20%,2.94%,6.89,6.2
apple login,661,730,3140,2935,21.05%,24.87%,2.29,2.21
screenshot on mac,646,739,13777,13274,4.69%,5.57%,1.01,1
facetime conference call,631,81,2791,388,22.61%,20.88%,2.28,2.14
itunes,629,461,146838,19601,0.43%,2.35%,9.37,4.33
apple id password,584,461,1884,1438,31%,32.06%,1.33,1.36
screenshot mac,451,394,9068,6597,4.97%,5.97%,1.32,1.04
appleid,442,238,18801,16378,2.35%,1.45%,2.58,3.21
how to unlock iphone,440,242,2747,1518,16.02%,15.94%,1.95,1.89
apple help,439,395,4599,4227,9.55%,9.34%,1.17,1.39
forgot apple id,437,346,1315,1165,33.23%,29.70%,2.67,2.87
how to group facetime,432,42,4701,341,9.19%,12.32%,1.84,3.02
icloud for windows,432,453,907,768,47.63%,58.98%,2.98,2.71
apple repair,413,493,4248,4996,9.72%,9.87%,1.14,1.15
apple contact,407,342,978,880,41.62%,38.86%,1.62,1.64
how to screen record on iphone,378,259,2549,1863,14.83%,13.90%,6.82,4.5
apple password reset,371,279,1319,865,28.13%,32.25%,1.44,1.44
apple support contact,361,230,2078,1586,17.37%,14.50%,3.25,3.2
apple account,356,339,10608,9834,3.36%,3.45%,3.53,3.66
multi facetime,353,31,735,49,48.03%,63.27%,1.18,1.18
mac screenshot,346,321,4016,3393,8.62%,9.46%,1.56,1.27
itunes download,337,338,7077,6292,4.76%,5.37%,2.98,3.68
apple id sign in,333,267,1137,908,29.29%,29.41%,2.42,2.22
can you group facetime,324,0,2170,0,14.93%,0%,1.28,0
itunes account,321,322,5210,4623,6.16%,6.97%,5.09,4.84
unlock iphone,303,146,1494,805,20.28%,18.14%,1.93,1.83
can you facetime multiple people,300,28,1223,57,24.53%,49.12%,1.13,1.18
how to print screen on mac,298,435,3757,4356,7.93%,9.99%,2.01,1.95
apple live chat,296,212,795,590,37.23%,35.93%,4.09,4.18
apple subscriptions,294,189,1811,1170,16.23%,16.15%,3.03,2.38
apple support chat,290,206,698,616,41.55%,33.44%,1.3,1.41
what iphone do i have,285,46,781,355,36.49%,12.96%,1.8,2.82
how to change apple id password,284,180,2587,2335,10.98%,7.71%,1.16,1.1
iforgot.apple id password,283,29,1334,158,21.21%,18.35%,2.54,3.05
your account has been disabled in the app store and itunes,279,90,988,149,28.24%,60.40%,2.33,1.5
apple chat,278,241,432,347,64.35%,69.45%,1.05,1.07
itunes match,275,281,615,734,44.72%,38.28%,1.4,2.14
apple id reset password,274,234,851,623,32.20%,37.56%,1.79,1.6
apple sign in,273,230,1090,964,25.05%,23.86%,2.27,2.05
apple forgot password,271,191,806,636,33.62%,30.03%,1.83,2.1
can you facetime more than one person at a time,263,0,892,0,29.48%,0%,1.25,0
how many people can facetime at once,258,0,2904,0,8.88%,0%,2.88,0
support.apple.com/en-au/ts4515,251,238,568,555,44.19%,42.88%,1,1
apple refund,250,498,338,737,73.96%,67.57%,1.01,1.04
facetime group,238,33,1122,129,21.21%,25.58%,1.99,3.09
apple serial number check,237,230,2011,2179,11.79%,10.56%,2.19,2.09
itunes login,233,240,6501,9235,3.58%,2.60%,6.95,7.47
reset apple password,224,146,858,411,26.11%,35.52%,1.31,1.35
how to take a screenshot on mac,218,295,4317,4679,5.05%,6.30%,1,1
print screen mac,218,267,4023,3930,5.42%,6.79%,2.26,2.23
facetime group chat,215,27,875,72,24.57%,37.50%,1.45,1.17
itunes subscriptions,210,126,634,560,33.12%,22.50%,2.57,2.19
apple id change password,208,143,813,713,25.58%,20.06%,1.32,1.07
3 way facetime,207,40,1646,214,12.58%,18.69%,2.73,2.45
can you do a group facetime,205,0,1130,0,18.14%,0%,1.21,0
create an apple id,203,160,1766,1148,11.49%,13.94%,3.82,3.63
how to split screen on mac,203,242,1358,1567,14.95%,15.44%,1.01,1.16
apple id sign up,202,262,983,947,20.55%,27.67%,4.52,3.88
multi person facetime,200,0,757,0,26.42%,0%,2.45,0
apple id create,199,234,1695,1771,11.74%,13.21%,3.84,4.05
apple music subscription,199,162,1602,1485,12.42%,10.91%,3.35,3.49
el capitan download,192,126,441,335,43.54%,37.61%,1.35,1.33
create new apple id,191,195,1110,1264,17.21%,15.43%,2.88,3.24
iphone models,189,128,1894,1169,9.98%,10.95%,1,1
forgot apple password,189,140,850,523,22.24%,26.77%,2.46,2.4
sidecar,189,120,591,432,31.98%,27.78%,1.27,1.58
itunes for windows,185,183,557,506,33.21%,36.17%,1.66,1.64
apple reset password,180,105,459,333,39.22%,31.53%,1.49,1.6
facetime more than one person,179,0,688,0,26.02%,0%,2.62,0
forgot my apple id password,177,148,1280,765,13.83%,19.35%,2.75,2.51
group face time,171,0,618,0,27.67%,0%,1.49,0
contact apple,171,186,545,482,31.38%,38.59%,2.44,2.24
how to clean airpods,167,152,731,631,22.85%,24.09%,1,1.02
apple battery replacement,164,208,331,504,49.55%,41.27%,2.33,2.38
how to do group facetime,163,0,1946,0,8.38%,0%,2.18,0
icloud download,163,140,386,301,42.23%,46.51%,1.53,1.71
airdrop,159,184,2805,2995,5.67%,6.14%,2.99,2.9
how to facetime multiple people,158,0,938,0,16.84%,0%,2.39,0
apple screen repair,158,211,375,529,42.13%,39.89%,1.31,1.63
how to connect airpods to mac,157,59,3779,3128,4.15%,1.89%,1.78,2.28
multiple people on facetime,156,0,543,0,28.73%,0%,2.44,0
download icloud for windows,152,168,249,225,61.04%,74.67%,2.72,1.14
apple repairs,151,123,757,672,19.95%,18.30%,1.14,1.17
i forgot my apple id password,148,110,938,672,15.78%,16.37%,2.86,2.65
forgot password apple id,148,112,467,411,31.69%,27.25%,2.2,2.28
ios 13.3.1,147,266,2964,4879,4.96%,5.45%,4.58,5.01
new apple id,146,156,1472,814,9.92%,19.16%,3.24,3.63
facetime group video call,144,0,731,0,19.70%,0%,1.99,0
iphone battery replacement,142,216,548,732,25.91%,29.51%,1.5,1.71
memoji,140,132,676,560,20.71%,23.57%,1.87,1.64
apple watch screen repair,139,152,343,3424,40.52%,4.44%,1.12,2.58
how to reset apple id password,138,80,1305,781,10.57%,10.24%,1.37,1.81
apple id password change,137,88,462,389,29.65%,22.62%,2.03,3.09
right airpod not working,137,124,420,435,32.62%,28.51%,2.1,2.34
how many people can you facetime at once,134,0,1493,0,8.98%,0%,3.03,0
apple online chat,134,90,258,177,51.94%,50.85%,1.03,1.05
how to reset iphone,132,108,1523,1602,8.67%,6.74%,3.76,3.77
macos mojave,131,0,958,0,13.67%,0%,2.68,0
wifi calling iphone,130,63,1703,769,7.63%,8.19%,2.86,3.03
cancel apple music,130,58,1456,542,8.93%,10.70%,2.36,2.37
one airpod not working,130,113,682,794,19.06%,14.23%,2.99,3
three way facetime,129,0,983,0,13.12%,0%,2.64,0
your account has been disabled,129,54,615,131,20.98%,41.22%,2.33,1.47
contact apple support,128,92,1377,909,9.30%,10.12%,7.46,7
apple id account,126,116,3730,3096,3.38%,3.75%,3.94,4.13
call apple support,125,113,390,321,32.05%,35.20%,2.43,2.03
iphone hotspot not working,124,68,547,318,22.67%,21.38%,1.61,2.1
forgot ipad passcode,124,82,265,202,46.79%,40.59%,3.54,3.03
macbook pro battery replacement,123,118,1339,1457,9.19%,8.10%,2.81,2.89
forgot icloud password,123,72,844,547,14.57%,13.16%,2.67,2.6
macbook screenshot,122,129,784,717,15.56%,17.99%,2.61,2.59
facetime video conference,121,0,336,0,36.01%,0%,2.71,0
how to take screenshot on mac,120,168,1657,1839,7.24%,9.14%,1,1.01
can you facetime a group,120,0,767,0,15.65%,0%,2.27,0
left airpod not working,119,187,587,587,20.27%,31.86%,2.78,2.35
multiple facetime calls,119,0,423,0,28.13%,0%,1.96,0
download el capitan,119,79,270,169,44.07%,46.75%,1.3,1.22
forgotten apple id password,118,61,1730,723,6.82%,8.44%,3.68,3.58
can you facetime more than one person,118,0,548,0,21.53%,0%,1.2,0
change apple id,116,81,834,620,13.91%,13.06%,2.18,2.28
forgot iphone passcode,116,111,265,342,43.77%,32.46%,2.32,6.64
find my airpods,114,84,1607,1581,7.09%,5.31%,1.06,1.05
apple id locked,113,89,1434,605,7.88%,14.71%,3.36,3.27
apple serial number,113,95,954,725,11.84%,13.10%,2.16,1.98
apple number,112,68,436,339,25.69%,20.06%,2.36,2.46
report a problem apple,112,293,191,468,58.64%,62.61%,1.59,1.45
change apple password,111,52,546,448,20.33%,11.61%,1.05,1.06
apple sidecar,111,55,219,96,50.68%,57.29%,1.12,1.44
iforgot.apple id password reset,110,94,916,772,12.01%,12.18%,2.98,3.22
mac support,110,100,794,582,13.85%,17.18%,1.02,1.03
mac os,109,43,2222,1783,4.91%,2.41%,3.84,4.11
how to set up apple pay,106,125,1173,900,9.04%,13.89%,1.06,1.04
apple password,106,58,619,491,17.12%,11.81%,1.51,1.56
touch id not working,106,37,500,157,21.20%,23.57%,2.08,2.01
icloud password reset,105,63,566,430,18.55%,14.65%,2.42,2.99
mac update,105,52,307,231,34.20%,22.51%,1.33,1.78
how to change apple id,104,85,1923,1083,5.41%,7.85%,1.97,2.02
facetime party,104,0,383,0,27.15%,0%,1.08,0
apple.com/bill sydney au,104,111,307,302,33.88%,36.75%,1,1.04
how to reset apple id,103,75,873,709,11.80%,10.58%,1.96,2.43
create apple id online,102,112,1779,852,5.73%,13.15%,4.18,3.82
how to print from iphone,102,108,1190,1042,8.57%,10.36%,1.05,1.02
how to do a group facetime,101,0,1245,0,8.11%,0%,2.07,0
can you facetime with three people,101,0,839,0,12.04%,0%,2.96,0
screen recording on iphone,100,94,1139,1089,8.78%,8.63%,6.19,4.1
mac keyboard not working,100,46,453,254,22.08%,18.11%,3.08,2.98
reset itunes password,100,75,387,271,25.84%,27.68%,2,2.07
airdrop mac,100,91,331,308,30.21%,29.55%,1.79,1.33
apple contact number,98,70,766,658,12.79%,10.64%,3.83,3.85
how to use apple pay,98,124,676,759,14.50%,16.34%,1.41,1.51
apple chat support,98,105,357,337,27.45%,31.16%,1.77,1.82
iphone s,97,59,1048,624,9.26%,9.46%,1.67,1.33
can you conference call on facetime,97,0,487,0,19.92%,0%,1.52,0
mac os versions,96,60,1615,1274,5.94%,4.71%,3.36,3.49
iphone hotspot,96,37,543,303,17.68%,12.21%,2.04,1.61
apple tv remote not working,96,60,481,436,19.96%,13.76%,2.29,3
debit card purchase apple.com/bill sydney aus,96,104,220,215,43.64%,48.37%,1.01,1.02
iforgot apple,95,223,844,1532,11.26%,14.56%,4.71,3.68
screen grab mac,95,112,814,904,11.67%,12.39%,1.83,1.96
can you facetime with 3 people,95,0,781,0,12.16%,0%,3.13,0
change icloud password,94,56,702,563,13.39%,9.95%,1.04,1.08
how to airdrop from iphone to mac,94,106,438,547,21.46%,19.38%,2.97,2.9
reset iphone,93,83,931,849,9.99%,9.78%,4.59,4.35
os x el capitan,93,84,440,406,21.14%,20.69%,2.43,2.24
icloud login,92,96,17115,22294,0.54%,0.43%,3.17,3.14
macos sierra,92,0,294,0,31.29%,0%,1.73,0
apple phone number,91,82,870,986,10.46%,8.32%,5.33,5.62
conference facetime,91,0,151,0,60.26%,0%,1,0
iphone screen repair,90,108,1441,1611,6.25%,6.70%,4.07,4
mac operating systems,90,30,566,477,15.90%,6.29%,2.38,3.74
iphone support,89,95,547,637,16.27%,14.91%,2.47,1.79
login apple id,89,96,541,296,16.45%,32.43%,3.56,2.4
icloud forgot password,89,80,364,315,24.45%,25.40%,2.14,2.17
sidecar ipad,89,43,153,80,58.17%,53.75%,1.03,1.64
itunes password reset,88,76,476,357,18.49%,21.29%,2.45,2.03
icloud support,88,98,376,415,23.40%,23.61%,1.13,1.07
reset my apple id password,87,49,343,204,25.36%,24.02%,2.31,2.42
apple change password,87,60,243,177,35.80%,33.90%,1.21,1.66
split screen mac,86,77,593,460,14.50%,16.74%,3.6,3.83
facetime conference,86,0,171,0,50.29%,0%,1.07,0
mac os mojave,85,0,783,0,10.86%,0%,2.39,0
sign in apple id,85,72,540,358,15.74%,20.11%,1.56,1.42
apple tv movies,84,85,703,559,11.95%,15.21%,3.14,3.23
factory reset macbook pro,83,81,550,559,15.09%,14.49%,3.61,3.93
personal hotspot not working,82,58,554,349,14.80%,16.62%,1.51,1.38
iphone x screen repair,82,111,356,412,23.03%,26.94%,1.35,1.55
mac remote desktop,82,41,281,124,29.18%,33.06%,1,1
apple login account,82,30,260,105,31.54%,28.57%,2.33,2.13
thunderbolt to hdmi,80,0,1426,0,5.61%,0%,1.01,0
reset icloud password,80,74,571,465,14.01%,15.91%,3.32,3.21
apple log in,80,86,377,348,21.22%,24.71%,2.21,2.04
bootcamp windows 10,80,35,241,85,33.20%,41.18%,2.33,2.67
how to cancel apple music,79,39,2349,675,3.36%,5.78%,2.95,2.93
download mojave,79,0,332,0,23.80%,0%,2.21,0
mail drop,78,28,553,170,14.10%,16.47%,2.2,2.73
apple watch repair,78,77,270,2815,28.89%,2.74%,1.58,1.03
icloud drive,77,62,5531,5354,1.39%,1.16%,6.03,6.56
facetime with multiple people,77,0,582,0,13.23%,0%,2.5,0
how to reset ipad,77,49,487,382,15.81%,12.83%,3.65,3.88
multiple people facetime,77,0,360,0,21.39%,0%,1.6,0
use ipad as second screen,77,25,160,57,48.12%,43.86%,2.29,2.51
apple id account page,75,24,3260,2824,2.30%,0.85%,1.42,1.46
set up apple id,75,44,656,542,11.43%,8.12%,3.5,4.07
conference call facetime,74,0,370,0,20%,0%,2.54,0
boot camp support software,74,0,119,0,62.18%,0%,1.09,0
screen shot mac,73,75,2033,1809,3.59%,4.15%,1.17,1
airdrop iphone,73,24,1127,1001,6.48%,2.40%,4.25,4.81
iphone repair,72,103,1983,4848,3.63%,2.12%,2.25,2.41
bootcamp drivers,72,19,172,50,41.86%,38%,1.31,1.52
pending - apple.com/bill sydney au,72,41,160,138,45%,29.71%,1.01,1
icloud,71,94,67027,76937,0.11%,0.12%,4.75,4.62
screen capture mac,71,47,794,712,8.94%,6.60%,2.03,2.02
group.facetime,71,0,266,0,26.69%,0%,1.75,0
mac os sierra,71,0,188,0,37.77%,0%,1.88,0
apple report a problem,71,124,133,318,53.38%,38.99%,1.84,2.27
face id not working,70,52,629,377,11.13%,13.79%,1.14,1.01
print from iphone,70,39,609,449,11.49%,8.69%,1.03,1.05
iphone a1586,70,36,387,184,18.09%,19.57%,1.02,1.02
itunes account login,70,48,386,313,18.13%,15.34%,3.38,3.29
itunes refund,70,169,98,258,71.43%,65.50%,1.52,1.63
bootcamp mac,68,57,395,212,17.22%,26.89%,4.54,2.97
facetime multiple users,68,0,317,0,21.45%,0%,2.61,0
can you facetime with more than one person,68,0,270,0,25.19%,0%,1.27,0
icloud mail,67,37,9280,8942,0.72%,0.41%,4.96,5.38
apple account sign in,67,67,225,260,29.78%,25.77%,2.14,2.07
a1586,66,0,696,0,9.48%,0%,1.97,0
apple help line,66,59,597,484,11.06%,12.19%,3.46,3.48
mojave,66,0,405,0,16.30%,0%,1.98,0
apple account login,66,62,404,252,16.34%,24.60%,2.55,2.25
replacement airpod,66,82,315,489,20.95%,16.77%,2.04,2.34
iphone model a1457,66,0,237,0,27.85%,0%,1.3,0
iphone 11 screen replacement,66,62,154,171,42.86%,36.26%,1.49,2.01
i tunes log in,66,60,143,114,46.15%,52.63%,1.75,1.54
apple,66,50,143,115,46.15%,43.48%,3.28,4.41
how to facetime,65,0,436,0,14.91%,0%,2.58,0
apple keyboard not working,65,33,343,196,18.95%,16.84%,2.12,2.21
safari,64,46,8068,6133,0.79%,0.75%,3,3.36
airprint,64,82,669,993,9.57%,8.26%,4.52,4.72
create itunes account,64,70,546,461,11.72%,15.18%,3.47,3.11
mac split screen,64,47,274,229,23.36%,20.52%,1.04,1.12
airpod replacement,64,76,238,317,26.89%,23.97%,1.97,2.08
apple tv app store,64,48,137,94,46.72%,51.06%,1.09,1.04
download itunes,62,43,1481,1373,4.19%,3.13%,3.16,3.88
how to record iphone screen,62,58,710,1417,8.73%,4.09%,6.46,8.97
creat apple id,62,37,507,310,12.23%,11.94%,4.27,4.42
how to facetime more than one person,62,0,398,0,15.58%,0%,2.88,0
iphone wifi calling,61,30,591,242,10.32%,12.40%,2.81,2.87
can you do group facetime,61,0,395,0,15.44%,0%,1.25,0
apple music account,61,27,297,166,20.54%,16.27%,2.5,3.61
iphone stuck on apple logo,61,43,240,201,25.42%,21.39%,3.17,3.53
how to facetime more than one person at a time,61,0,217,0,28.11%,0%,2.62,0
facetime with more than one person,61,0,205,0,29.76%,0%,2.6,0
untrusted enterprise developer,61,37,191,166,31.94%,22.29%,1.94,2.67
reset homepod,61,60,174,163,35.06%,36.81%,1,1.01
optimised battery charging,61,60,102,110,59.80%,54.55%,1,1.02
kernel task,61,0,96,0,63.54%,0%,1,0
unlock apple id,60,0,1102,0,5.44%,0%,4.14,0
how to access icloud,60,52,995,899,6.03%,5.78%,2.93,2.91
how to restore iphone,60,60,428,788,14.02%,7.61%,1.03,2.36
split screen ipad,60,45,284,260,21.13%,17.31%,1.04,1.07
apple tv generations,60,40,223,194,26.91%,20.62%,2.14,2.02
print screen on mac,59,83,1184,1245,4.98%,6.67%,2.51,2.29
how to print from ipad,59,61,703,579,8.39%,10.54%,1.96,2.12
apple online support,59,28,260,191,22.69%,14.66%,2.13,2.36
reset password apple id,59,45,215,164,27.44%,27.44%,1.68,2.23
apple tv remote,58,52,2347,1596,2.47%,3.26%,3.2,3.7
bootcamp,58,30,1604,1302,3.62%,2.30%,6.23,5.57
how to screenshot on a mac,58,67,1117,1270,5.19%,5.28%,1,1
group facetime on iphone,58,0,491,0,11.81%,0%,1.41,0
restore iphone,58,68,490,834,11.84%,8.15%,2.72,3.06
change my apple id password,58,32,374,383,15.51%,8.36%,1.18,1.02
how to split screen on ipad,58,55,308,309,18.83%,17.80%,1.6,2.38
iforgot apple password,58,70,269,336,21.56%,20.83%,2.43,2.18
bootcamp download,58,0,224,0,25.89%,0%,1.96,0
conference call on facetime,58,0,218,0,26.61%,0%,2.32,0
icloud help,58,54,174,145,33.33%,37.24%,1.32,1.2
apple support contact number,57,42,850,713,6.71%,5.89%,3.57,3.56
how to use facetime,57,0,387,0,14.73%,0%,1.58,0
iphone 7 battery replacement,57,65,308,336,18.51%,19.35%,3.18,3.43
how do i unlock my iphone,57,44,199,175,28.64%,25.14%,1.4,1.21
apple warranty check,56,34,3263,1954,1.72%,1.74%,2.38,2.45
how to do a group facetime call,56,0,735,0,7.62%,0%,1.65,0
icloud backup,56,71,328,437,17.07%,16.25%,1.65,1.97
iphone a1457,56,30,317,158,17.67%,18.99%,1.73,1.76
iphone magnifier,56,48,254,470,22.05%,10.21%,2.61,3.74
smc reset,56,32,221,104,25.34%,30.77%,2.14,1.99
facetime not working on mac,56,0,202,0,27.72%,0%,1,0
mac os el capitan,56,35,181,123,30.94%,28.46%,1.83,1.93
pair apple watch to new iphone,56,49,127,130,44.09%,37.69%,2.06,2.2
sidecar mac,56,30,112,54,50%,55.56%,1.11,1.31
https://activate.apple.com,55,27,2702,1536,2.04%,1.76%,5.1,5.15
backup iphone,55,61,857,784,6.42%,7.78%,3.04,2.9
factory reset iphone,55,53,673,755,8.17%,7.02%,1.25,1.24
forgot itunes password,55,44,373,229,14.75%,19.21%,2.49,2.12
group chat on facetime,55,0,327,0,16.82%,0%,2.59,0
create icloud account,55,51,241,211,22.82%,24.17%,1,1
mojave download,55,0,211,0,26.07%,0%,1.78,0
macbook air models,55,27,137,74,40.15%,36.49%,1.04,1
facetime group call limit,54,0,737,0,7.33%,0%,2.54,0
how to airdrop,54,46,623,648,8.67%,7.10%,1.41,1.38
update mac os,54,49,309,214,17.48%,22.90%,2.12,2.23
iphone disabled,54,58,309,309,17.48%,18.77%,4.25,4.77
iforgot.apple.com,53,47,4712,4034,1.12%,1.17%,7.78,7.67
facetime iphone,53,0,766,0,6.92%,0%,1.51,0
itunes sign in,53,62,387,345,13.70%,17.97%,4.58,4.23
mac help,53,41,247,204,21.46%,20.10%,1.02,1
group facetime on ipad,53,0,198,0,26.77%,0%,1.8,0
itunes not recognizing iphone,53,75,115,142,46.09%,52.82%,2.63,1.41
appleid.apple.cơm,52,71,7025,7209,0.74%,0.98%,2.08,2.07
how to backup iphone,52,94,1233,1366,4.22%,6.88%,3.02,2.94
group facetime calls,52,0,575,0,9.04%,0%,2.1,0
ipad is disabled connect to itunes,52,33,403,324,12.90%,10.19%,4.26,4.26
facetime 3 way call,52,0,342,0,15.20%,0%,2.55,0
ipad keyboard shortcuts,52,0,221,0,23.53%,0%,2.65,0
facetime multiple,52,0,213,0,24.41%,0%,2.39,0
activation lock ipad,52,36,182,149,28.57%,24.16%,3.91,3.88
iforgot apple id,51,36,755,516,6.75%,6.98%,5.67,5.36
how to update mac,51,105,730,536,6.99%,19.59%,1.15,1.25
screenshot macbook,51,72,631,636,8.08%,11.32%,2.26,2.19
make an apple id,51,57,550,525,9.27%,10.86%,3.98,4.05
how to change my apple id password,51,29,410,286,12.44%,10.14%,3.82,5.36
itunes backup,51,47,335,353,15.22%,13.31%,3.29,5.08
iphone xr screen replacement,51,61,270,294,18.89%,20.75%,2.92,2.24
apple id forgot,51,57,180,241,28.33%,23.65%,3.41,4.13
unlocking iphone,51,42,163,172,31.29%,24.42%,1.18,1.05
apple screen replacement,51,89,111,178,45.95%,50%,1.42,1.69
how to pair apple watch to a new phone,51,53,107,125,47.66%,42.40%,2.06,2.02
time machine,50,41,934,813,5.35%,5.04%,3.9,3.44
apple id disabled,50,0,801,0,6.24%,0%,4.2,0
download itunes for windows,50,57,407,429,12.29%,13.29%,2.19,2.12
how to set up group facetime,50,0,310,0,16.13%,0%,2.04,0
change itunes password,50,35,290,247,17.24%,14.17%,1.17,1.11
apple tv a1469,50,55,244,209,20.49%,26.32%,1.06,1.07
itunes forgot password,50,43,237,163,21.10%,26.38%,2.26,1.9
iphone model a1688,50,21,159,80,31.45%,26.25%,1.21,1
ipad sidecar,50,0,78,0,64.10%,0%,1.12,0
appleid.apple.com,49,33,10043,10187,0.49%,0.32%,2.09,2.09
how to screen record,49,44,911,854,5.38%,5.15%,3.37,2.55
iphone won't turn on,49,33,672,978,7.29%,3.37%,1.09,1
make apple id,49,66,514,496,9.53%,13.31%,4.11,3.85
mac screenshot shortcut,49,59,435,499,11.26%,11.82%,2.01,2.04
restore mac to factory settings,49,58,406,332,12.07%,17.47%,3.88,4.14
iphone model a1586,49,37,378,211,12.96%,17.54%,2.33,1.98
apple id verification code,49,26,330,130,14.85%,20%,1.65,1.53
apple id log in,49,54,235,206,20.85%,26.21%,2.57,2.18
iphone xs screen replacement,49,40,235,211,20.85%,18.96%,2.63,3
mac os update,49,45,232,184,21.12%,24.46%,1.22,1.93
which iphone do i have,49,18,226,90,21.68%,20%,2.02,2.03
manage apple subscriptions,49,19,207,79,23.67%,24.05%,1.89,1.66
login to apple id,49,37,171,135,28.65%,27.41%,2.39,2.27
how to reset homepod,49,39,134,110,36.57%,35.45%,1,1
iphone not showing in itunes,49,45,107,103,45.79%,43.69%,1.05,1.07
screenshot,48,23,2901,2256,1.65%,1.02%,7.39,7.32
macos,48,46,2191,1911,2.19%,2.41%,3.05,2.87
group call facetime,48,0,494,0,9.72%,0%,2.06,0
factory reset mac,48,44,484,432,9.92%,10.19%,4.94,5.01
hotspot not working,48,31,416,229,11.54%,13.54%,1.67,1.76
how to wipe a macbook,48,95,399,415,12.03%,22.89%,2.5,2.17
icloud password,48,27,345,262,13.91%,10.31%,2.45,2.37
how to transfer data from iphone to iphone,48,51,313,394,15.34%,12.94%,2.57,3.6
wipe iphone,48,86,312,328,15.38%,26.22%,2.26,2.31
mac serial number,48,38,278,289,17.27%,13.15%,2.26,2.11
iphone microphone not working,48,29,264,197,18.18%,14.72%,1.06,1.04
can you facetime with multiple people,48,0,247,0,19.43%,0%,1.16,0
lost airpods,48,60,242,266,19.83%,22.56%,1.31,1.55
how to facetime with multiple people,48,0,210,0,22.86%,0%,2.39,0
imessage group chat,48,0,179,0,26.82%,0%,1.66,0
multiple facetime on iphone,48,0,176,0,27.27%,0%,2.13,0
apple.com/bill sydney nsw,48,66,150,140,32%,47.14%,1,1.03
apple live chat support,48,22,100,49,48%,44.90%,1.29,1.1
imessage,47,34,2989,1289,1.57%,2.64%,3.19,3.55
how to connect airpods,47,121,994,1263,4.73%,9.58%,1.28,1.27
mac print screen,47,99,599,686,7.85%,14.43%,2.25,2.22
set up apple pay,47,47,507,484,9.27%,9.71%,1.08,1.08
create apple account,47,56,473,458,9.94%,12.23%,3.84,3.69
iphone x screen replacement,47,78,374,437,12.57%,17.85%,3.15,3.51
ipad serial number,47,61,321,361,14.64%,16.90%,1.78,1.55
forgot passcode iphone,47,28,110,88,42.73%,31.82%,1.94,2.75
face time,46,21,1214,564,3.79%,3.72%,3.31,4.54
how to group facetime on iphone,46,0,820,0,5.61%,0%,1.5,0
change apple id email,46,33,258,187,17.83%,17.65%,3.21,3.15
how to unlock iphone 7,46,51,250,251,18.40%,20.32%,1.97,1.97
verify apple id,46,0,222,0,20.72%,0%,1.32,0
apple icloud support,46,62,214,233,21.50%,26.61%,1.26,1.2
group call on facetime,46,0,213,0,21.60%,0%,2.15,0
apple id password forgot,46,28,150,115,30.67%,24.35%,2.31,2.59
icloud reset password,46,48,143,142,32.17%,33.80%,2.15,2.13
apple watch walkie talkie,46,51,88,99,52.27%,51.52%,1.23,1.41
itunes for windows 10,46,30,78,60,58.97%,50%,1,1.08
screen shot on mac,45,58,1318,1222,3.41%,4.75%,1,1
erase iphone,45,47,296,297,15.20%,15.82%,3.37,3.25
facetime 3 way,45,0,278,0,16.19%,0%,2.28,0
os x 10.11,45,22,190,69,23.68%,31.88%,2.15,2.22
macos mojave download,45,0,155,0,29.03%,0%,1.4,0
os x 10.12,45,0,117,0,38.46%,0%,1.63,0
imovie,44,0,4199,0,1.05%,0%,3.89,0
how to factory reset macbook pro,44,76,780,1367,5.64%,5.56%,3.75,3.58
family sharing apple,44,41,766,573,5.74%,7.16%,1.89,1.35
iphone backup,44,39,531,426,8.29%,9.15%,2.67,2.75
maildrop,44,0,397,0,11.08%,0%,3.46,0
why can't i group facetime,44,0,360,0,12.22%,0%,2.67,0
apple technical support,44,30,314,244,14.01%,12.30%,2.47,2.47
apple purchases,44,24,154,347,28.57%,6.92%,1.66,2.09
facetime login,44,0,146,0,30.14%,0%,1.11,0
iphone not connecting to itunes,44,36,142,200,30.99%,18%,2.48,2.2
iphone x battery replacement,44,61,123,159,35.77%,38.36%,2.84,3.03
app store refund,44,120,116,235,37.93%,51.06%,1.84,1.84
icloud for windows 10,44,55,79,92,55.70%,59.78%,1.24,1.16
apple group facetime,44,0,78,0,56.41%,0%,1,0
apple help chat,44,39,78,67,56.41%,58.21%,1.05,1.12
apple chat online,44,46,63,61,69.84%,75.41%,1,1
apple customer service,43,24,744,541,5.78%,4.44%,3.92,4.09
subscription,43,25,701,550,6.13%,4.55%,2.42,3.15
print from ipad,43,39,426,346,10.09%,11.27%,2.01,1.34
apple authorised service provider,43,38,421,358,10.21%,10.61%,2.71,2.99
how to screenshot on macbook,43,128,411,889,10.46%,14.40%,1.89,1.83
how many can facetime at once,43,0,388,0,11.08%,0%,2.79,0
group chat facetime,43,0,373,0,11.53%,0%,2.63,0
how to do multiple facetime,43,0,360,0,11.94%,0%,2.65,0
create a new apple id,43,33,236,261,18.22%,12.64%,2.87,3.04
apple music windows,43,26,234,185,18.38%,14.05%,1.1,1.14
itunes disabled,43,25,202,114,21.29%,21.93%,2.17,2
i forgot my apple id password and email,43,19,186,129,23.12%,14.73%,1.67,1.31
apple tv remote battery,43,21,180,91,23.89%,23.08%,1.06,1
iphone won't charge,43,43,146,155,29.45%,27.74%,1,1.98
forgotten apple id,43,41,132,150,32.58%,27.33%,1.64,1.92
forgot my apple id,43,54,131,179,32.82%,30.17%,4.69,4.71
macbook won't turn on,43,47,129,153,33.33%,30.72%,3.01,2.86
mac software update,43,50,123,155,34.96%,32.26%,1.45,2.32
apple mobile device usb driver,43,60,109,149,39.45%,40.27%,1.75,1.17
apple phone repairs,43,32,107,108,40.19%,29.63%,2.19,2.09
support.apple.com/en-au/ts4515 forgot password,43,34,92,101,46.74%,33.66%,1.86,1.97
macos versions,42,26,572,368,7.34%,7.07%,3.71,3.5
how many people can you facetime,42,0,425,0,9.88%,0%,2.82,0
factory reset ipad,42,32,349,283,12.03%,11.31%,3.02,3.35
how to create an apple id,42,53,330,356,12.73%,14.89%,1.22,1.94
iphone screen recording,42,45,324,364,12.96%,12.36%,8.05,9.03
two factor authentication apple,42,30,281,307,14.95%,9.77%,2.85,4.02
windows on mac,42,25,257,207,16.34%,12.08%,1.03,1
iphone 6s battery replacement,42,56,229,336,18.34%,16.67%,2.92,3.33
iphone help,42,48,187,287,22.46%,16.72%,4.95,5.01
in app purchases,42,0,164,0,25.61%,0%,2.7,0
itunes support,41,25,1359,1890,3.02%,1.32%,1.36,1.45
how to hide apps in iphone,41,25,987,619,4.15%,4.04%,4.74,4.61
icloud storage,41,95,820,945,5%,10.05%,3.28,2.55
el capitan,41,29,789,1183,5.20%,2.45%,5.95,6.28
apple support number,41,0,700,0,5.86%,0%,5.08,0
iforgot,41,30,456,155,8.99%,19.35%,2.68,2.01
how to facetime with a group,41,0,398,0,10.30%,0%,1.84,0
screenshot on macbook,41,53,354,544,11.58%,9.74%,1.99,2.11
download macos mojave,41,0,233,0,17.60%,0%,2.2,0
a1586 iphone,41,24,226,109,18.14%,22.02%,1,1
apple diagnostics,41,21,150,106,27.33%,19.81%,2.52,2.68
icloud windows,41,38,84,145,48.81%,26.21%,2.62,8.41
bootcamp drivers windows 10,41,0,78,0,52.56%,0%,1,0
apple music,40,0,2122,0,1.89%,0%,4.16,0
group facetime app,40,0,515,0,7.77%,0%,2.93,0
apple australia contact,40,0,362,0,11.05%,0%,3.56,0
apple repair prices,40,42,328,514,12.20%,8.17%,2.23,2.47
check apple serial number,40,49,271,292,14.76%,16.78%,2.09,2.05
iphone a1688,40,19,251,111,15.94%,17.12%,1.26,1.05
group facetime not working,40,0,238,0,16.81%,0%,2.88,0
apple bill,40,39,235,402,17.02%,9.70%,3.09,2.84
apple.com/bill sydney aus,40,65,174,203,22.99%,32.02%,1,1
upgrade to el capitan,40,29,170,74,23.53%,39.19%,1.32,1.66
iphone not showing up in itunes,40,49,118,148,33.90%,33.11%,2.08,2.09
reset ipad without passcode,40,20,100,54,40%,37.04%,1.48,1.56
siri,39,33,7645,5349,0.51%,0.62%,3.87,2.88
live photos,39,51,1132,1054,3.45%,4.84%,1.67,1.21
app store login,39,43,1087,786,3.59%,5.47%,4.32,4.03
how do i change my apple id password,39,27,467,268,8.35%,10.07%,2.82,2.93
iphone a1778,39,40,334,185,11.68%,21.62%,2.19,2.14
how to use airpods,39,50,301,342,12.96%,14.62%,3.95,4.1
take screenshot mac,39,36,286,287,13.64%,12.54%,1,1
mac os mojave download,39,0,260,0,15%,0%,2.2,0
macbook serial number,39,38,255,241,15.29%,15.77%,2.56,2.69
what ipad do i have,39,21,198,68,19.70%,30.88%,2.04,1.97
ipad split screen,39,34,196,225,19.90%,15.11%,1,1.04
can you facetime more than 1 person,39,0,188,0,20.74%,0%,1.05,0
how to wipe a mac,39,63,185,272,21.08%,23.16%,2.46,2.28
itunes windows,39,66,139,158,28.06%,41.77%,1.86,1.41
can i facetime more than one person,39,0,131,0,29.77%,0%,1.05,0
ipad stuck on apple logo,39,19,124,86,31.45%,22.09%,2.06,2.43
can you have multiple people on facetime,39,0,98,0,39.80%,0%,1.37,0
how to connect replacement airpod,39,0,87,0,44.83%,0%,1.28,0
icloud photos,38,55,3563,4049,1.07%,1.36%,5.03,5.08
apple purchase history,38,32,650,1165,5.85%,2.75%,2.5,2.78
airpods not working,38,39,566,602,6.71%,6.48%,3.34,3.46
os x versions,38,0,351,0,10.83%,0%,3.36,0
apple service,38,27,350,580,10.86%,4.66%,2.68,2.38
apple airport express,38,28,281,217,13.52%,12.90%,1.9,3.16
unlock my iphone,38,0,263,0,14.45%,0%,1.67,0
windows for mac,38,30,216,148,17.59%,20.27%,1.04,1
apple iphone repair,38,49,174,343,21.84%,14.29%,1.14,2.25
apple id forgotten password,38,30,163,116,23.31%,25.86%,1.94,1.99
apple password change,38,21,153,78,24.84%,26.92%,1.14,5.64
facetime groups,38,0,147,0,25.85%,0%,1.78,0
refund apple,38,72,67,130,56.72%,55.38%,1.06,1.15
find my ipad,37,32,3406,2677,1.09%,1.20%,7.78,7.19
how to factory reset macbook,37,50,1258,1409,2.94%,3.55%,4.31,4.59
how to screenshot mac,37,69,1027,1322,3.60%,5.22%,1,1
mac os x,37,0,879,0,4.21%,0%,4,0
airdrop on mac,37,47,626,534,5.91%,8.80%,1.75,2.49
to enable personal hotspot on this account contact carrier,37,26,468,404,7.91%,6.44%,4.73,4.98
reset macbook pro,37,71,356,568,10.39%,12.50%,3.6,4.38
lost my iphone,37,27,321,271,11.53%,9.96%,2.97,2.63
ipad disabled connect to itunes,37,28,233,171,15.88%,16.37%,3.99,4.54
how to set up apple tv,37,19,222,98,16.67%,19.39%,1,1.01
serial number apple,37,0,214,0,17.29%,0%,2.07,0
recover apple id,37,33,208,126,17.79%,26.19%,3.09,3.13
how to factory reset ipad,37,65,182,205,20.33%,31.71%,2.71,2.79
apple customer support,37,0,180,0,20.56%,0%,2.42,0
iphone is disabled,37,20,158,147,23.42%,13.61%,2.93,4.03
macbook a1466,37,0,126,0,29.37%,0%,1.06,0
hey siri not working,37,33,100,191,37%,17.28%,1.41,1.52
group facetime ipad,37,0,95,0,38.95%,0%,1.68,0
ipad won't charge,37,0,90,0,41.11%,0%,1.22,0
itunes for pc,37,51,83,92,44.58%,55.43%,1.35,1
ipad parental control,37,26,76,57,48.68%,45.61%,1.86,1.68
iphone group facetime,37,0,57,0,64.91%,0%,1,0
apple family sharing,36,46,924,666,3.90%,6.91%,2.87,2.41
apple itunes login,36,32,382,375,9.42%,8.53%,4.74,4.28
personal hotspot,36,29,364,230,9.89%,12.61%,3.35,2.68
reset ipad,36,39,347,325,10.37%,12%,2.94,3.43
how to check airpod charge,36,48,312,362,11.54%,13.26%,1,1
apple support email,36,22,258,288,13.95%,7.64%,3.74,3.97
ipad not charging,36,22,250,153,14.40%,14.38%,2.53,3.39
apple contact support,36,47,242,255,14.88%,18.43%,3.4,3.91
apple pay malaysia,36,50,222,299,16.22%,16.72%,2.32,2.27
how to backup iphone to mac,36,69,202,384,17.82%,17.97%,2.55,2.01
changing apple id password,36,21,191,130,18.85%,16.15%,1.12,1.02
how to access icloud photos,36,41,167,170,21.56%,24.12%,1.13,1.15
itunes 12.10.5,36,0,152,0,23.68%,0%,3.07,0
download os x el capitan,36,20,125,56,28.80%,35.71%,1.41,1.29
icloud change password,36,24,124,95,29.03%,25.26%,1.34,1.77
apple repair sydney,36,28,116,95,31.03%,29.47%,1.67,1.67
multiple person facetime,36,0,108,0,33.33%,0%,2.52,0
sidecar apple,36,0,73,0,49.32%,0%,1.34,0
ipad activation lock,36,34,67,77,53.73%,44.16%,1.54,2.57
mac os sierra download,36,0,64,0,56.25%,0%,1,0
how to cancel apple music subscription,35,27,856,428,4.09%,6.31%,2.45,3.03
3 way facetime call,35,0,520,0,6.73%,0%,3.2,0
cancel apple subscription,35,21,465,229,7.53%,9.17%,2.75,2.05
how to wipe iphone,35,52,448,448,7.81%,11.61%,1.78,1.71
iphone is disabled connect to itunes,35,38,412,372,8.50%,10.22%,3.71,3.45
how to change your apple id password,35,22,368,312,9.51%,7.05%,2.21,4.77
apple service centre,35,27,365,446,9.59%,6.05%,2.46,2.88
how to unlock ipad,35,29,325,187,10.77%,15.51%,3.9,3.94
forgotten apple password,35,0,309,0,11.33%,0%,2.99,0
apple tv 3rd generation,35,21,292,248,11.99%,8.47%,1.2,1.64
how to reset apple password,35,24,269,183,13.01%,13.11%,1.58,1.8
what model is my iphone,35,18,267,123,13.11%,14.63%,2.8,2.72
set up icloud account,35,19,260,161,13.46%,11.80%,1.25,1.05
screen grab on mac,35,24,252,246,13.89%,9.76%,2,2.12
how do i reset apple id password on iphone?,35,23,241,209,14.52%,11%,1.39,1.78
a1688 iphone,35,0,185,0,18.92%,0%,1.18,0
how to set up a group facetime call,35,0,181,0,19.34%,0%,1,0
how to transfer iphone to new iphone,35,23,167,126,20.96%,18.25%,3.24,3.07
how to pair apple tv remote,35,31,159,152,22.01%,20.39%,1.4,1.26
appleid.apple.cơm reset password,35,35,136,128,25.74%,27.34%,1.49,1.77
how to unlock disabled ipad,35,0,132,0,26.52%,0%,2.29,0
apple login forgot password,35,0,114,0,30.70%,0%,2.18,0
apple wireless keyboard not working,35,22,105,52,33.33%,42.31%,2.04,1.96
how to use ipad as second screen for mac,35,0,87,0,40.23%,0%,2.32,0
multiple face time,35,0,86,0,40.70%,0%,1.67,0
which ipad do i have,35,0,77,0,45.45%,0%,2.19,0
forgot ipad password,35,23,77,87,45.45%,26.44%,2.25,3.01
apple.com bill sydney,35,46,69,69,50.72%,66.67%,1.04,1.04
airpods macbook,35,29,54,59,64.81%,49.15%,1,1.07
macbook battery replacement,34,59,987,936,3.44%,6.30%,3.61,3.62
how to unlock apple id,34,0,758,0,4.49%,0%,4.39,0
how do you screenshot on a mac,34,39,712,731,4.78%,5.34%,1,1
set up my device,34,0,662,0,5.14%,0%,4.46,0
record screen iphone,34,18,274,217,12.41%,8.29%,7.82,5.83
animoji,34,28,266,341,12.78%,8.21%,4.41,3.99
how to do split screen on mac,34,51,264,330,12.88%,15.45%,1,1.16
icloud sign in account,34,23,252,264,13.49%,8.71%,2.69,3.39
icloud password change,34,29,244,179,13.93%,16.20%,1.09,1.07
how to use apple pay on iphone,34,31,204,175,16.67%,17.71%,2.93,3.33
change my apple id,34,0,203,0,16.75%,0%,2.33,0
can you do group facetime calls,34,0,189,0,17.99%,0%,1.19,0
imac keyboard not working,34,24,152,82,22.37%,29.27%,2.99,3
install windows on mac,34,19,143,68,23.78%,27.94%,4.45,2.04
icloud keychain,34,0,133,0,25.56%,0%,1.46,0
apple tv model a1469,34,29,125,110,27.20%,26.36%,1.4,1.01
can you facetime multiple users,34,0,121,0,28.10%,0%,1.06,0
ipad model,34,25,92,67,36.96%,37.31%,1.84,1.81
facetime app,33,0,3013,0,1.10%,0%,4.07,0
how to screen shot on mac,33,36,806,1030,4.09%,3.50%,1,1.05
factory reset macbook,33,45,538,479,6.13%,9.39%,4.44,5.07
how do you group facetime,33,0,512,0,6.45%,0%,2.09,0
screen record on iphone,33,0,457,0,7.22%,0%,9.74,0
how to unlock an iphone,33,0,419,0,7.88%,0%,2.7,0
facetime not working,33,0,311,0,10.61%,0%,3.28,0
what is mail drop,33,0,266,0,12.41%,0%,4.25,0
how to charge apple pencil,33,26,211,199,15.64%,13.07%,1,1.06
a1457 iphone,33,29,208,98,15.87%,29.59%,2.24,1.72
lost iphone,33,39,207,128,15.94%,30.47%,1.35,2.19
facetime three ways,33,0,178,0,18.54%,0%,2.26,0
how to set up a group facetime,33,0,177,0,18.64%,0%,1.58,0
icloud music library,33,31,172,101,19.19%,30.69%,4.32,1.16
apple music pc,33,21,166,168,19.88%,12.50%,1.11,1.01
a1474 ipad,33,0,112,0,29.46%,0%,1,0
forgot iphone password,33,18,108,78,30.56%,23.08%,2.36,1.87
how to use apple pencil,33,0,107,0,30.84%,0%,2.52,0
apple music on pc,33,31,104,83,31.73%,37.35%,1.07,1
ipad pro screen replacement,33,27,97,207,34.02%,13.04%,1.62,2.23
iphone live photo,33,34,93,113,35.48%,30.09%,1.11,1.45
apple.com/bill sydney ns aus,33,28,87,63,37.93%,44.44%,1,1
apple itunes,32,31,1155,795,2.77%,3.90%,5.09,5.19
how to take a screenshot on a mac,32,43,637,708,5.02%,6.07%,1,1
how to erase iphone,32,41,574,599,5.57%,6.84%,2.64,2.63
how to pair airpods,32,36,554,487,5.78%,7.39%,1.46,1.31
apple tv login,32,29,537,460,5.96%,6.30%,3.27,3.53
background app refresh,32,18,483,295,6.63%,6.10%,1.45,1.53
apple email address,32,0,468,0,6.84%,0%,4.49,0
air drop,32,25,405,393,7.90%,6.36%,3.55,4.46
how to add people to facetime,32,0,333,0,9.61%,0%,2.53,0
esim australia,32,56,298,432,10.74%,12.96%,3.6,2.49
airpods instructions,32,35,275,220,11.64%,15.91%,3.44,3
mac keyboard shortcuts,32,27,247,196,12.96%,13.78%,2.62,2.62
how to change apple id email,32,0,192,0,16.67%,0%,3.21,0
can you group chat on facetime,32,0,167,0,19.16%,0%,1.34,0
os el capitan,32,0,165,0,19.39%,0%,2.14,0
hotspot iphone,32,0,153,0,20.92%,0%,3.21,0
remote access mac,32,0,129,0,24.81%,0%,1.57,0
apple iphone screen repair,32,56,127,163,25.20%,34.36%,1.2,1.33
can you do multiple facetime calls at once,32,0,120,0,26.67%,0%,1.02,0
apple mobile device support,32,20,115,126,27.83%,15.87%,2.57,3.11
parental control ipad,32,24,114,89,28.07%,26.97%,1.75,1.83
account disabled in itunes and app store,32,0,63,0,50.79%,0%,1.71,0
apple bill sydney,32,37,50,53,64%,69.81%,1,1
what generation is my apple tv,32,24,48,34,66.67%,70.59%,1.19,1.41
apple bootcamp drivers,32,0,47,0,68.09%,0%,1.02,0
how to reset macbook pro,31,56,627,837,4.94%,6.69%,4.47,4.38
reset apple watch,31,0,455,0,6.81%,0%,3.24,0
i forgot my iphone passcode,31,34,341,264,9.09%,12.88%,9.49,8.7
iphone 8 screen replacement,31,42,276,300,11.23%,14%,3.42,3.25
mac boot from usb,31,29,251,224,12.35%,12.95%,2.24,2.08
create apple id account,31,28,228,231,13.60%,12.12%,3.14,3.37
split screen on mac,31,30,197,196,15.74%,15.31%,1.04,1.19
airpods serial number,31,48,160,262,19.38%,18.32%,1.77,1.44
can you facetime two people at once,31,0,151,0,20.53%,0%,1.12,0
kernel_task mac,31,0,130,0,23.85%,0%,2.65,0
how to facetime with more than one person,31,0,109,0,28.44%,0%,2.5,0
apple help centre,31,35,107,89,28.97%,39.33%,1.57,2.01
software update mac,31,0,101,0,30.69%,0%,3.03,0
can you have more than one person on facetime,31,0,99,0,31.31%,0%,1.39,0
download icloud,31,32,91,72,34.07%,44.44%,1.77,4.11
mac airdrop,31,30,81,67,38.27%,44.78%,1.27,1.45
group factime,31,0,75,0,41.33%,0%,1.45,0
walkie talkie apple watch,31,28,65,76,47.69%,36.84%,1.29,1.59
airdrop macbook,31,23,65,65,47.69%,35.38%,1.35,2.55
macos sierra download,31,0,63,0,49.21%,0%,1,0
mac sidecar,31,0,54,0,57.41%,0%,1.02,0
how to wipe an iphone,30,54,1180,1262,2.54%,4.28%,3.15,3.06
how to print screen on a mac,30,62,1036,1120,2.90%,5.54%,2.73,2.66
keychain,30,35,850,884,3.53%,3.96%,3.65,4.88
connect airpods to macbook,30,27,638,577,4.70%,4.68%,2.76,2.75
how to block a number on iphone,30,43,616,561,4.87%,7.66%,3.64,3.39
applepay,30,31,496,737,6.05%,4.21%,2.15,3.42
ipad disabled,30,29,480,299,6.25%,9.70%,8.06,7.35
how do you do a group facetime,30,0,415,0,7.23%,0%,2.05,0
find airpods,30,19,390,332,7.69%,5.72%,1.1,1.06
cancel apple music subscription,30,21,361,197,8.31%,10.66%,2.53,2.85
three way facetime call,30,0,319,0,9.40%,0%,2.47,0
ipad microphone,30,0,315,0,9.52%,0%,3.97,0
apple tv remote app,30,23,273,211,10.99%,10.90%,2.54,2.16
contact apple australia,30,26,269,273,11.15%,9.52%,2.78,2.88
apple imei check,30,28,202,196,14.85%,14.29%,3.4,2.02
i forgot my apple id,30,42,199,209,15.08%,20.10%,7.83,7.42
iphone xs max screen replacement,30,59,170,202,17.65%,29.21%,2.03,1.16
can you group call on facetime,30,0,144,0,20.83%,0%,1.03,0
transfer data from iphone to iphone,30,23,142,139,21.13%,16.55%,2.85,3.42
itunes reset password,30,37,131,114,22.90%,32.46%,2.37,2
how to group facetime on ipad,30,0,128,0,23.44%,0%,1.8,0
airdrop from iphone to mac,30,0,126,0,23.81%,0%,2.97,0
apple manage subscriptions,30,0,125,0,24%,0%,1.77,0
apple id verification,30,0,115,0,26.09%,0%,1.92,0
factory reset ipad without passcode,30,25,109,88,27.52%,28.41%,2.33,2.2
apple tv a1427,30,23,79,54,37.97%,42.59%,1.08,1.02
how to pair replacement airpod,30,0,73,0,41.10%,0%,1.03,0
memoji iphone,30,27,67,80,44.78%,33.75%,1.15,2.19
ipad forgot passcode,30,22,63,33,47.62%,66.67%,1.73,1.55
apple store repairs,30,34,62,81,48.39%,41.98%,1.69,2.22
multiple facetimes,30,0,51,0,58.82%,0%,1.04,0
how to factory reset iphone,29,52,660,657,4.39%,7.91%,1.12,1.03
speed up video iphone,29,0,639,0,4.54%,0%,5.62,0
how many people on facetime,29,0,386,0,7.51%,0%,2.96,0
activation lock,29,36,330,359,8.79%,10.03%,4.04,6.52
apple music download,29,0,314,0,9.24%,0%,5.8,0
cannot connect to app store,29,66,165,293,17.58%,22.53%,2.44,2.22
how to backup iphone to itunes,29,23,157,246,18.47%,9.35%,2.99,4.06
pram reset,29,20,155,89,18.71%,22.47%,2.03,2.03
iphone hotspot no internet,29,0,149,0,19.46%,0%,1.03,0
apple tv bluetooth,29,0,148,0,19.59%,0%,2.66,0
apple watch screen replacement,29,33,147,954,19.73%,3.46%,2.52,1.17
apple activation lock,29,0,123,0,23.58%,0%,2.75,0
airpods warranty,29,19,111,140,26.13%,13.57%,2.62,2.45
multi user facetime,29,0,96,0,30.21%,0%,2.25,0
how to connect a new airpod,29,0,85,0,34.12%,0%,1.19,0
apple music download pc,29,25,70,75,41.43%,33.33%,1.17,1.81
https//activate.apple.com,28,0,1025,0,2.73%,0%,5.17,0
apple customer care,28,0,661,0,4.24%,0%,3.95,0
how do i change my apple id,28,22,648,287,4.32%,7.67%,4.01,3.54
airpods pro noise cancelling,28,28,431,374,6.50%,7.49%,3.22,3.12
how do i find my apple id password,28,23,400,285,7%,8.07%,2.54,2.4
itunes purchase history,28,18,290,776,9.66%,2.32%,3,3.54
recover apple id password,28,29,277,201,10.11%,14.43%,3.18,3.05
lost apple id password,28,0,272,0,10.29%,0%,3.42,0
apple id recovery,28,27,248,185,11.29%,14.59%,3.52,2.98
app store not working,28,46,234,247,11.97%,18.62%,1.97,2.13
apple time machine,28,26,195,160,14.36%,16.25%,4.17,4.41
boot mac from usb,28,0,184,0,15.22%,0%,2.32,0
apple check serial number,28,24,172,108,16.28%,22.22%,3.98,2.31
iphone 7 battery,28,22,171,213,16.37%,10.33%,1.11,2.2
applesupport,28,23,170,168,16.47%,13.69%,1.1,1.06
create apple.id,28,23,163,107,17.18%,21.50%,3.87,3.88
how to group chat on facetime,28,0,156,0,17.95%,0%,2.65,0
facetime camera not working,28,0,155,0,18.06%,0%,1.54,0
single airpod,28,28,151,184,18.54%,15.22%,1.56,1.41
apple australia support,28,21,147,108,19.05%,19.44%,2.96,2.71
iphone 0682,28,0,134,0,20.90%,0%,1.24,0
can facetime do group calls,28,0,123,0,22.76%,0%,1.54,0
model a1586,28,21,121,62,23.14%,33.87%,1.03,1
how do you unlock an iphone,28,25,112,87,25%,28.74%,1.79,1.51
backup iphone to mac,28,56,109,204,25.69%,27.45%,2.87,1.94
facetime group video not working,28,0,90,0,31.11%,0%,2.37,0
facetime group video,28,0,87,0,32.18%,0%,1.24,0
how to use group facetime,28,0,87,0,32.18%,0%,2.23,0
macbook air serial number,28,0,65,0,43.08%,0%,1.55,0
apple support live chat,28,0,47,0,59.57%,0%,1.04,0
apple refunds,28,45,39,105,71.79%,42.86%,1,1
iforgot.apple id,27,0,2131,0,1.27%,0%,6.09,0
appleid login,27,18,1091,668,2.47%,2.69%,4.02,3.33
macbook pro screen replacement,27,20,643,529,4.20%,3.78%,2.15,2.94
ipad screen repair,27,33,562,2391,4.80%,1.38%,5.28,4.55
find my iphone app,27,23,499,525,5.41%,4.38%,3.17,3.67
facetime with 3 people,27,0,420,0,6.43%,0%,3.06,0
iphone 6s battery,27,23,314,320,8.60%,7.19%,2.97,3.11
pair airpods,27,0,292,0,9.25%,0%,1.21,0
my apple account,27,0,290,0,9.31%,0%,6.68,0
restart apple watch,27,0,261,0,10.34%,0%,1.01,0
subscriptions,27,0,246,0,10.98%,0%,2.85,0
iphone model a1778,27,0,242,0,11.16%,0%,3,0
macos catalina download,27,0,241,0,11.20%,0%,1.25,0
apple music cancel,27,0,208,0,12.98%,0%,2.8,0
wifi calling not working,27,0,206,0,13.11%,0%,1.04,0
breathe app,27,0,205,0,13.17%,0%,2.5,0
apple customer service number 24 hours,27,0,205,0,13.17%,0%,2.67,0
airpods battery life,27,0,198,0,13.64%,0%,1.7,0
facetime group calls,27,0,171,0,15.79%,0%,2.46,0
can you multi facetime,27,0,150,0,18%,0%,1.13,0
why is one of my airpods not working,27,0,137,0,19.71%,0%,2.66,0
how to factory reset iphone without password,27,23,123,98,21.95%,23.47%,2.83,2.93
mac vpn,27,21,122,73,22.13%,28.77%,1.49,1.45
find apple id,27,18,121,73,22.31%,24.66%,4.53,4.63
what model is my ipad,27,0,116,0,23.28%,0%,1.69,0
how to free up space on mac,27,19,113,79,23.89%,24.05%,1.99,1.99
ipad screen rotation setting,27,0,112,0,24.11%,0%,2.02,0
how to cancel apple tv,27,31,112,86,24.11%,36.05%,3.46,2.67
macbook air hdmi,27,0,108,0,25%,0%,1,0
can i facetime more than one person at once,27,0,103,0,26.21%,0%,1,0
apple hardware test,27,62,103,173,26.21%,35.84%,2.43,1.95
mac os x 10.11,27,0,87,0,31.03%,0%,2.08,0
buy one airpod,27,20,86,81,31.40%,24.69%,2.35,2.36
ipad as second screen,27,0,81,0,33.33%,0%,2.15,0
mac sierra,27,0,72,0,37.50%,0%,1.56,0
apple account password reset,27,0,69,0,39.13%,0%,1.91,0
apple tv versions,27,0,67,0,40.30%,0%,1.33,0
left airpod pro not working,27,20,49,30,55.10%,66.67%,1.04,1
identify iphone model,27,0,43,0,62.79%,0%,1.98,0
one airpod pro not working,27,20,42,48,64.29%,41.67%,1.69,2
download sierra,27,0,38,0,71.05%,0%,1,0
ipad printer,26,0,595,0,4.37%,0%,1.89,0
how to facetime with 3 people,26,0,582,0,4.47%,0%,3.39,0
apple shortcuts,26,35,465,280,5.59%,12.50%,1.67,2.05
macbook keyboard not working,26,27,434,378,5.99%,7.14%,5.2,5.67
how to find lost airpods,26,27,433,478,6%,5.65%,1.12,1.4
ipad models,26,0,386,0,6.74%,0%,3.96,0
health app iphone,26,21,302,272,8.61%,7.72%,3.23,3.75
how to screen record iphone,26,25,273,268,9.52%,9.33%,9.76,9.08
how to pair apple watch,26,19,250,296,10.40%,6.42%,4.12,4.69
restore ipad,26,0,249,0,10.44%,0%,2.35,0
iphone health app,26,0,244,0,10.66%,0%,3.05,0
screen record iphone,26,20,242,341,10.74%,5.87%,7.02,8.87
how to find out what iphone i have,26,0,234,0,11.11%,0%,2.98,0
hard reset ipad,26,0,228,0,11.40%,0%,3.79,0
group facetime iphone,26,0,203,0,12.81%,0%,1.5,0
how to cancel app subscription,26,0,188,0,13.83%,0%,2.18,0
apple airpod replacement,26,36,166,151,15.66%,23.84%,2.67,2.47
sign in to apple id,26,22,164,82,15.85%,26.83%,1.41,1.34
facetime how many users,26,0,163,0,15.95%,0%,2.51,0
remote desktop mac,26,0,162,0,16.05%,0%,2.35,0
ipad a1893,26,0,159,0,16.35%,0%,1,0
mac bootcamp,26,0,154,0,16.88%,0%,4.08,0
group facetime call iphone,26,0,142,0,18.31%,0%,2.66,0
how to facetime two people,26,0,139,0,18.71%,0%,2.47,0
reset airpods,26,0,133,0,19.55%,0%,2,0
find my apple id,26,20,104,65,25%,30.77%,7.31,2.38
i forgot apple id password,26,0,94,0,27.66%,0%,2.33,0
facetime multi call,26,0,91,0,28.57%,0%,1.92,0
facetime multiple call,26,0,90,0,28.89%,0%,2.43,0
mac mojave,26,0,85,0,30.59%,0%,1.86,0
apple tv models,26,23,74,65,35.14%,35.38%,1.46,1.25
how to find imei number iphone,26,30,72,61,36.11%,49.18%,1.62,3.13
mac catalina update,26,0,59,0,44.07%,0%,1.25,0
iphone emergency alert,26,22,52,70,50%,31.43%,3.08,1.2
apple support uk,25,21,2543,2711,0.98%,0.77%,1.72,1.42
icloud email,25,23,2331,1713,1.07%,1.34%,4.47,4.73
apple phone repair,25,0,577,0,4.33%,0%,3.59,0
mac screen shot,25,33,473,542,5.29%,6.09%,1.06,1.02
connect airpods,25,26,393,374,6.36%,6.95%,1.8,1.84
iphone 7 screen replacement,25,22,391,445,6.39%,4.94%,4.81,5.11
serial number check,25,27,390,494,6.41%,5.47%,2.24,2.1
hdmi to thunderbolt,25,0,372,0,6.72%,0%,1.65,0
how to turn on airdrop,25,18,330,265,7.58%,6.79%,2.64,2.73
macbook air a1466,25,0,330,0,7.58%,0%,3.45,0
apple.com bill,25,28,258,611,9.69%,4.58%,2.19,2.35
iphone screen replacement,25,38,251,343,9.96%,11.08%,2.22,2.26
how to add people on facetime,25,0,233,0,10.73%,0%,2.5,0
a1778 iphone,25,0,229,0,10.92%,0%,2.35,0
mac os catalina download,25,0,178,0,14.04%,0%,1.4,0
apple tech support,25,30,177,130,14.12%,23.08%,2.81,2.22
how to connect iphone to itunes,25,30,149,180,16.78%,16.67%,2.79,1.27
itunes account disabled,25,0,134,0,18.66%,0%,3.69,0
forgot my apple password,25,0,133,0,18.80%,0%,2.56,0
a1602,25,21,130,68,19.23%,30.88%,1.15,1.24
airdrop iphone to mac,25,21,129,82,19.38%,25.61%,2.93,2.6
airpods replacement,25,32,127,200,19.69%,16%,2.34,2.45
apple id login australia,25,33,120,116,20.83%,28.45%,2.17,2.09
face time group call,25,0,118,0,21.19%,0%,2.02,0
apple.com/bill www.apple.com,25,0,117,0,21.37%,0%,1.03,0
backup iphone to itunes,25,20,117,142,21.37%,14.08%,2.99,3.97
how to switch to australian app store,25,0,109,0,22.94%,0%,2.84,0
restore iphone from backup,25,26,103,357,24.27%,7.28%,1,2.69
macbook pro won't turn on,25,22,91,115,27.47%,19.13%,3.04,3.12
airpod instructions,25,28,86,135,29.07%,20.74%,1.88,1.74
reset smc,25,0,83,0,30.12%,0%,2.14,0
can you do multiple facetime,25,0,80,0,31.25%,0%,1,0
multiple callers on facetime,25,0,80,0,31.25%,0%,2.42,0
reset pram,25,0,80,0,31.25%,0%,2.54,0
mac os 10.12,25,0,78,0,32.05%,0%,1.32,0
homepod not responding,25,20,70,49,35.71%,40.82%,1.03,1.12
ipad unable to check for update,25,0,57,0,43.86%,0%,1.39,0
apple request refund,25,37,29,51,86.21%,72.55%,1,1
how to scan qr code,24,0,1638,0,1.47%,0%,4.86,0
how to use airdrop,24,24,662,722,3.63%,3.32%,1.55,1.95
how to find airpods,24,0,547,0,4.39%,0%,1.04,0
screenshot on a mac,24,19,534,461,4.49%,4.12%,1,1
apple operating systems,24,0,486,0,4.94%,0%,3.67,0
mac os x versions,24,0,418,0,5.74%,0%,3.46,0
iphone 6 battery replacement,24,53,282,406,8.51%,13.05%,3.32,3.2
apple account locked,24,0,246,0,9.76%,0%,2.47,0
how to update mac os,24,50,230,221,10.43%,22.62%,1.31,1.42
how to crop a video on iphone,24,0,227,0,10.57%,0%,4.08,0
printing from iphone,24,21,204,135,11.76%,15.56%,1.07,1.01
volte iphone,24,0,188,0,12.77%,0%,2.32,0
iphone shortcuts,24,37,182,245,13.19%,15.10%,1.46,1.82
reset network settings iphone,24,18,155,129,15.48%,13.95%,1,1
ipad a1822,24,31,147,140,16.33%,22.14%,1.1,1.03
screen sharing mac,24,0,146,0,16.44%,0%,1.04,0
how to do group facetime on iphone,24,0,137,0,17.52%,0%,2.22,0
ipad a1474,24,31,131,115,18.32%,26.96%,1.03,1.04
iphone show battery percentage,24,58,130,353,18.46%,16.43%,2.26,1.59
how to hotspot from iphone to laptop,24,0,127,0,18.90%,0%,2.98,0
facetime how many participants,24,0,126,0,19.05%,0%,2.08,0
how to facetime more than 1 person,24,0,126,0,19.05%,0%,2.59,0
forgot apple id and password,24,21,122,134,19.67%,15.67%,2.57,2.29
apple verification code,24,0,120,0,20%,0%,1.52,0
macos screenshot,24,21,113,137,21.24%,15.33%,1.23,1.08
apple watch update,24,0,113,0,21.24%,0%,1.26,0
macbook air model a1466,24,0,102,0,23.53%,0%,1.08,0
macbook air won't turn on,24,33,96,136,25%,24.26%,3,2.93
search ipad,24,22,94,46,25.53%,47.83%,1.04,1.04
ipad factory reset,24,23,85,74,28.24%,31.08%,2.68,3.04
boot camp assistant download,24,0,81,0,29.63%,0%,1.99,0
iphone frozen,24,20,81,61,29.63%,32.79%,2.12,2.18
my left airpod isn't working,24,0,78,0,30.77%,0%,2.4,0
group favetime,24,0,77,0,31.17%,0%,1.69,0
facetime.group call,24,0,74,0,32.43%,0%,1.24,0
os x el capitan download,24,19,74,56,32.43%,33.93%,1.47,1.46
using ipad as second screen,24,0,71,0,33.80%,0%,2.51,0
apple repairs melbourne,24,0,67,0,35.82%,0%,1.91,0
apple wifi calling,24,0,62,0,38.71%,0%,1.24,0
forgotten iphone passcode,24,0,59,0,40.68%,0%,5.76,0
how to watch apple tv on mac,24,0,52,0,46.15%,0%,1.37,0
facetime group call ipad,24,0,49,0,48.98%,0%,1.67,0
change password,23,24,1731,3357,1.33%,0.71%,6.92,7.58
icloud sign in,23,22,919,1216,2.50%,1.81%,3.07,4.11
how to scan a qr code,23,0,611,0,3.76%,0%,3.91,0
uninstall programs mac,23,20,380,279,6.05%,7.17%,3.88,3.78
screenshot iphone,23,28,376,340,6.12%,8.24%,1.34,1.53
how to change your apple id,23,25,360,188,6.39%,13.30%,1.84,1.93
apple facetime,23,0,300,0,7.67%,0%,7.39,0
macbook pro keyboard not working,23,23,298,299,7.72%,7.69%,5.22,5.13
iphone personal hotspot,23,0,192,0,11.98%,0%,2.08,0
iphone block number,23,0,177,0,12.99%,0%,2.99,0
airpods manual,23,62,167,424,13.77%,14.62%,1.6,1.63
apple support phone number 24/7,23,0,166,0,13.86%,0%,3.22,0
time machine backup,23,23,149,128,15.44%,17.97%,4.64,4.41
iphone reset,23,0,147,0,15.65%,0%,2.93,0
how to reset itunes password,23,0,144,0,15.97%,0%,2.73,0
facetime 3 people,23,0,125,0,18.40%,0%,2.53,0
facetime add person,23,0,114,0,20.18%,0%,1.8,0
how to unlock iphone without password,23,19,110,114,20.91%,16.67%,3,3
log into apple id,23,53,107,93,21.50%,56.99%,4.89,1.47
my right airpod isn't working,23,0,103,0,22.33%,0%,2.03,0
iphone not turning on,23,23,100,105,23%,21.90%,2.04,2.35
macbook pro not turning on,23,24,88,99,26.14%,24.24%,3.01,3
can you do facetime with more than one person,23,0,86,0,26.74%,0%,1,0
how to scan on mac,23,0,80,0,28.75%,0%,1,0
face time group chat,23,0,77,0,29.87%,0%,1.77,0
apple music for windows,23,29,74,65,31.08%,44.62%,1.03,1.26
how can i log into my itunes account,23,31,68,68,33.82%,45.59%,1.4,1.72
cannot connect to itunes store,23,31,63,105,36.51%,29.52%,2.03,1.95
macbook air won't turn on but is charging,23,19,61,58,37.70%,32.76%,2.11,3
liquid detected in lightning connector,23,0,49,0,46.94%,0%,2.53,0
group imessage,23,0,46,0,50%,0%,1,0
mac os x 10.11 el capitan,23,0,40,0,57.50%,0%,1.18,0
apple icloud,22,39,7659,7589,0.29%,0.51%,6.27,6.16
apple music login,22,0,771,0,2.85%,0%,4.39,0
mac osx,22,0,419,0,5.25%,0%,3.43,0
scan qr code iphone,22,0,417,0,5.28%,0%,1.69,0
activation lock iphone,22,0,399,0,5.51%,0%,6.08,0
how to reset airpods,22,0,348,0,6.32%,0%,2.93,0
why is only one airpod working,22,0,258,0,8.53%,0%,3.81,0
apple wallet,22,37,217,276,10.14%,13.41%,2.42,3.49
how to change apple password,22,19,216,188,10.19%,10.11%,1.16,1.02
itunes log in,22,25,216,152,10.19%,16.45%,4.5,3.45
apple store login,22,22,210,124,10.48%,17.74%,5.05,3.2
how to import photos from iphone to mac,22,0,209,0,10.53%,0%,1.16,0
apple id email,22,0,203,0,10.84%,0%,2.3,0
mac os 10.14,22,0,200,0,11%,0%,2.13,0
apple airprint,22,24,182,251,12.09%,9.56%,3.91,3.87
upgrade icloud storage,22,53,174,253,12.64%,20.95%,1.59,1.65
iphone record screen,22,0,169,0,13.02%,0%,7.28,0
how to verify apple id,22,0,168,0,13.10%,0%,1.49,0
kernel_task,22,0,168,0,13.10%,0%,2.98,0
turn off find my iphone,22,0,158,0,13.92%,0%,2.87,0
how to install windows on mac,22,0,151,0,14.57%,0%,6.01,0
apple movies rent,22,0,143,0,15.38%,0%,1,0
print screen macbook,22,32,143,186,15.38%,17.20%,2.62,2.81
itunes password,22,21,136,129,16.18%,16.28%,1.98,2.3
personal hotspot iphone,22,0,123,0,17.89%,0%,2.35,0
magnifier iphone,22,22,121,165,18.18%,13.33%,3.8,3.82
pair apple tv remote,22,25,112,128,19.64%,19.53%,1.18,1.45
iphone won't connect to itunes,22,25,112,109,19.64%,22.94%,3.19,2.39
how do you change your apple id password,22,0,109,0,20.18%,0%,1.83,0
itunes could not connect to this iphone,22,25,109,160,20.18%,15.62%,2.53,2.38
one of my airpods stopped working,22,0,108,0,20.37%,0%,2.91,0
how to reset your apple id password,22,18,106,95,20.75%,18.95%,1.23,1.66
set up group facetime,22,0,104,0,21.15%,0%,1.46,0
can you facetime 2 people at once,22,0,102,0,21.57%,0%,1.1,0
print screen on macbook,22,18,96,107,22.92%,16.82%,2.01,2.2
how to do multiple facetime calls,22,0,96,0,22.92%,0%,2.81,0
iphone not receiving texts,22,26,86,106,25.58%,24.53%,1.02,1.94
macbook pro hdmi adapter,22,0,83,0,26.51%,0%,1.18,0
apple mouse not working,22,0,78,0,28.21%,0%,1,0
unable to check for update ipad,22,0,74,0,29.73%,0%,2.32,0
macbook air fan noise,22,0,74,0,29.73%,0%,2.64,0
airprint iphone,22,0,74,0,29.73%,0%,2.7,0
apple keychain,22,21,73,69,30.14%,30.43%,2.38,2.28
apple keyboard replacement,22,35,70,102,31.43%,34.31%,1,1
apple login id,22,26,70,83,31.43%,31.33%,2.41,2.14
apple pencil compatible ipads,22,20,68,64,32.35%,31.25%,1,1
el capitan mac,22,0,68,0,32.35%,0%,1.74,0
itunes not recognising iphone,22,40,67,98,32.84%,40.82%,1.63,2.31
apple support au,22,0,66,0,33.33%,0%,1.44,0
group video facetime,22,0,66,0,33.33%,0%,1.71,0
apple iphone help,22,27,58,60,37.93%,45%,3.03,4.08
apple iphone battery replacement,22,41,53,127,41.51%,32.28%,1.55,1.99
apple music desktop,22,0,49,0,44.90%,0%,1,0
ipad multitasking,22,0,45,0,48.89%,0%,1.62,0
lost one airpod,22,30,41,49,53.66%,61.22%,1,1.04
pairing apple watch to new iphone,22,30,40,59,55%,50.85%,1.98,1.97
update to catalina,22,0,34,0,64.71%,0%,1.15,0
macbook repair,21,33,1764,1722,1.19%,1.92%,2.17,2.19
apple care,0,202,0,4553,0%,4.44%,0,3.52
applecare,0,128,0,2619,0%,4.89%,0,3.17
iphone battery percentage,0,79,0,656,0%,12.04%,0,1.31
apple subscription refund,0,78,0,144,0%,54.17%,0,1
buy applecare,0,70,0,124,0%,56.45%,0,1.06
iphone service pricing,0,66,0,254,0%,25.98%,0,1.78
apple app refund,0,61,0,115,0%,53.04%,0,1.58
find my mac,0,60,0,147,0%,40.82%,0,1.18
iphone serial number,0,51,0,732,0%,6.97%,0,3.97
buy apple care,0,50,0,92,0%,54.35%,0,1.37
migration assistant,0,49,0,154,0%,31.82%,0,2.78
app store/redeem,0,46,0,159,0%,28.93%,0,1.75
itunes report a problem,0,46,0,77,0%,59.74%,0,1.84
how to print screen mac,0,45,0,362,0%,12.43%,0,2.12
reset macbook,0,43,0,363,0%,11.85%,0,4.61
serial number iphone,0,43,0,277,0%,15.52%,0,2.35
apple battery replacement cost,0,43,0,107,0%,40.19%,0,3.05
update mac,0,42,0,199,0%,21.11%,0,1.82
show battery percentage iphone x,0,41,0,516,0%,7.95%,0,1.85
macbook pro battery,0,41,0,386,0%,10.62%,0,2.49
how to transfer photos from iphone to laptop,0,41,0,261,0%,15.71%,0,2.62
icloud storage plans,0,40,0,183,0%,21.86%,0,2.08
how to restore ipad,0,40,0,109,0%,36.70%,0,3.18
location services,0,39,0,369,0%,10.57%,0,2.02
macbook air not turning on,0,39,0,159,0%,24.53%,0,3.01
how to reset macbook,0,38,0,1172,0%,3.24%,0,4.91
reportaproblem.apple.com,0,38,0,121,0%,31.40%,0,2.09
icloud messages,0,37,0,244,0%,15.16%,0,1.91
invalid sim,0,37,0,119,0%,31.09%,0,1.19
how to backup iphone on mac,0,37,0,97,0%,38.14%,0,2.56
apple store refund,0,37,0,83,0%,44.58%,0,1.64
how to erase macbook,0,36,0,414,0%,8.70%,0,2.94
ipad serial number check,0,36,0,273,0%,13.19%,0,2.26
how to wipe mac,0,36,0,155,0%,23.23%,0,2.21
apple carplay,0,35,0,1178,0%,2.97%,0,7.36
how to transfer photos from iphone,0,35,0,678,0%,5.16%,0,1.06
how to print screen on macbook,0,35,0,275,0%,12.73%,0,2.76
siri not working,0,35,0,205,0%,17.07%,0,2.67
apple repair status,0,35,0,199,0%,17.59%,0,1
apple cash australia,0,35,0,59,0%,59.32%,0,1
apple refund app,0,35,0,52,0%,67.31%,0,1.04
request a refund apple,0,35,0,45,0%,77.78%,0,1
apple support airpods,0,34,0,224,0%,15.18%,0,1.95
magnifying glass iphone,0,34,0,192,0%,17.71%,0,2.55
apple airpods serial number check,0,34,0,138,0%,24.64%,0,2.37
iphone 8 battery replacement,0,34,0,111,0%,30.63%,0,2.28
iphone forgot passcode,0,34,0,61,0%,55.74%,0,3.43
apple watch fall detection,0,34,0,59,0%,57.63%,0,1
battery percentage iphone x,0,33,0,256,0%,12.89%,0,1.22
informed-receipt@apple.com,0,33,0,115,0%,28.70%,0,1.94
voice memo,0,32,0,379,0%,8.44%,0,2.63
take a screenshot on mac,0,32,0,285,0%,11.23%,0,1
sign up apple id,0,32,0,148,0%,21.62%,0,3.87
os x 10.11.4,0,32,0,122,0%,26.23%,0,1.25
iphone fast charger,0,32,0,104,0%,30.77%,0,1.09
unable to activate iphone,0,32,0,104,0%,30.77%,0,1.7
apple arcade controller,0,32,0,101,0%,31.68%,0,1.14
iphone saying no sim,0,32,0,90,0%,35.56%,0,1
cancel apple tv subscription,0,32,0,79,0%,40.51%,0,1.51
itunes store,0,31,0,1098,0%,2.82%,0,5.87
iphone warranty,0,31,0,373,0%,8.31%,0,4.64
apple icloud storage,0,31,0,265,0%,11.70%,0,2.09
reset mac to factory settings,0,31,0,249,0%,12.45%,0,4.88
iphone serial number check,0,31,0,190,0%,16.32%,0,2.83
how to clean apple watch band,0,31,0,156,0%,19.87%,0,3.01
reportaproblem.apple.com login,0,31,0,91,0%,34.07%,0,2.14
iphone 11 pro screen replacement,0,31,0,68,0%,45.59%,0,2
iphone 11 gestures,0,31,0,64,0%,48.44%,0,1.47
how to uninstall app on mac,0,30,0,389,0%,7.71%,0,3.54
replace macbook pro battery,0,30,0,251,0%,11.95%,0,3.53
iphone battery,0,30,0,237,0%,12.66%,0,1.34
reinstall mac os,0,30,0,127,0%,23.62%,0,2.02
why is my left airpod not working,0,30,0,106,0%,28.30%,0,2.26
latest mac update,0,30,0,101,0%,29.70%,0,1.34
battery replacement iphone,0,30,0,69,0%,43.48%,0,1.09
mac repair,0,29,0,1317,0%,2.20%,0,2.24
apple movies,0,29,0,999,0%,2.90%,0,6.33
how to show battery percentage on iphone x,0,29,0,536,0%,5.41%,0,2.72
how do you print screen on a mac,0,29,0,389,0%,7.46%,0,2.42
apple health app,0,29,0,336,0%,8.63%,0,3.76
iphone 6 battery,0,29,0,285,0%,10.18%,0,2.82
icloud storage cost,0,29,0,236,0%,12.29%,0,2.91
screen print mac,0,29,0,196,0%,14.80%,0,2.07
apple airpods serial number,0,29,0,102,0%,28.43%,0,1.67
how to wipe macbook pro,0,29,0,101,0%,28.71%,0,2.94
itunes account sign up,0,29,0,94,0%,30.85%,0,1.68
reportaproblem apple,0,29,0,78,0%,37.18%,0,2.28
apple subscriptions refund,0,29,0,54,0%,53.70%,0,1.06
battery percentage iphone 11,0,28,0,2057,0%,1.36%,0,6.56
how to connect airpods to laptop,0,28,0,1238,0%,2.26%,0,3.9
reset mac,0,28,0,522,0%,5.36%,0,6.47
ipad battery replacement,0,28,0,484,0%,5.79%,0,1.89
show battery percentage on iphone 11,0,28,0,412,0%,6.80%,0,4.34
latest ios version,0,28,0,281,0%,9.96%,0,2.98
sound not working on mac,0,28,0,277,0%,10.11%,0,3.2
how to unlock iphone 6,0,28,0,198,0%,14.14%,0,2.12
apple storage,0,28,0,119,0%,23.53%,0,2.24
one of my airpods is not working,0,28,0,101,0%,27.72%,0,2.62
express transit,0,28,0,84,0%,33.33%,0,1
apple battery,0,28,0,77,0%,36.36%,0,1.62
how to unsubscribe calendar iphone,0,28,0,70,0%,40%,0,1
sale apple.com/bill dated,0,28,0,42,0%,66.67%,0,1
ipad service pricing,0,28,0,35,0%,80%,0,1.06
battery percentage,0,27,0,676,0%,3.99%,0,2.88
how do i access icloud,0,27,0,306,0%,8.82%,0,2.43
iphone 8 plus screen replacement,0,27,0,209,0%,12.92%,0,2.79
face id stopped working,0,27,0,141,0%,19.15%,0,1
airpods serial number check,0,27,0,137,0%,19.71%,0,2.18
how to erase macbook pro,0,27,0,89,0%,30.34%,0,2.28
medical id iphone,0,27,0,77,0%,35.06%,0,1.4
airprint setup,0,27,0,76,0%,35.53%,0,1.74
refund app store,0,27,0,42,0%,64.29%,0,1.43
iphone,0,26,0,15389,0%,0.17%,0,4.95
factory reset macbook air,0,26,0,986,0%,2.64%,0,5.16
left airpod,0,26,0,286,0%,9.09%,0,1.52
iphone x battery percentage,0,26,0,197,0%,13.20%,0,1.36
airpods support,0,26,0,141,0%,18.44%,0,2.46
buy icloud storage,0,26,0,133,0%,19.55%,0,1.68
change password apple id,0,26,0,121,0%,21.49%,0,1.09
iphone not backing up,0,26,0,106,0%,24.53%,0,1.54
icloud documents,0,26,0,106,0%,24.53%,0,1.64
iphone magnifying glass,0,26,0,103,0%,25.24%,0,2.28
macbook not turning on,0,26,0,103,0%,25.24%,0,2.99
wipe mac,0,26,0,100,0%,26%,0,2.35
how to update macbook air,0,26,0,96,0%,27.08%,0,2.07
manage subscriptions itunes,0,26,0,94,0%,27.66%,0,1.41
reset my apple id,0,26,0,92,0%,28.26%,0,2.62
create apple id without credit card,0,26,0,71,0%,36.62%,0,2.04
itunes cloud syncing,0,26,0,70,0%,37.14%,0,1.8
how to show battery percentage on iphone 11,0,25,0,1334,0%,1.87%,0,5.97
how to connect airpods to macbook,0,25,0,716,0%,3.49%,0,2.58
how to update apps,0,25,0,408,0%,6.13%,0,1.33
how to back up iphone,0,25,0,277,0%,9.03%,0,2.82
printing from ipad,0,25,0,255,0%,9.80%,0,1.43
apple store repair,0,25,0,204,0%,12.25%,0,1.72
iphone voice recorder,0,25,0,195,0%,12.82%,0,2.44
ios update,0,25,0,179,0%,13.97%,0,3.22
install itunes for windows 10,0,25,0,174,0%,14.37%,0,2.49
how to split screen mac,0,25,0,172,0%,14.53%,0,1.19
apple tv update,0,25,0,144,0%,17.36%,0,1.57
wipe macbook,0,25,0,137,0%,18.25%,0,2.64
airpod settings,0,25,0,94,0%,26.60%,0,1.17
airpod serial number check,0,25,0,76,0%,32.89%,0,1.96
spotlight mac,0,25,0,73,0%,34.25%,0,1.56
duplicate contacts iphone,0,25,0,62,0%,40.32%,0,1.05
ipad repair,0,24,0,1429,0%,1.68%,0,2.45
itunes gift card,0,24,0,603,0%,3.98%,0,2.16
iphone wont turn on,0,24,0,443,0%,5.42%,0,1.11
iphone repairs,0,24,0,439,0%,5.47%,0,3.09
apple watch repair cost,0,24,0,287,0%,8.36%,0,1.67
air print,0,24,0,189,0%,12.70%,0,4.74
iphone 11 wireless charging,0,24,0,182,0%,13.19%,0,2.36
apple tv screensaver,0,24,0,122,0%,19.67%,0,1.01
how to connect mac to tv,0,24,0,113,0%,21.24%,0,1
airpod serial number,0,24,0,93,0%,25.81%,0,1.11
wipe macbook pro,0,24,0,60,0%,40%,0,2.18
forgot password apple,0,24,0,59,0%,40.68%,0,2.19
find my macbook,0,24,0,50,0%,48%,0,1.04
screen time,0,23,0,856,0%,2.69%,0,1.31
apple watch battery replacement,0,23,0,631,0%,3.65%,0,3.5
how to reset a macbook pro,0,23,0,477,0%,4.82%,0,4.31
apple watch cellular,0,23,0,309,0%,7.44%,0,3.11
iphone not charging,0,23,0,215,0%,10.70%,0,1
how to sync iphone,0,23,0,215,0%,10.70%,0,3.07
how to connect macbook to tv,0,23,0,152,0%,15.13%,0,3.47
iphone 7 plus battery,0,23,0,126,0%,18.25%,0,1.25
make a new apple id,0,23,0,119,0%,19.33%,0,3.24
how to update macbook,0,23,0,94,0%,24.47%,0,1.39
iphone battery replacement australia,0,23,0,94,0%,24.47%,0,2.64
what does itunes backup include,0,23,0,86,0%,26.74%,0,2.26
report problem apple,0,23,0,80,0%,28.75%,0,2.19
apple rep,0,23,0,76,0%,30.26%,0,1
restore macbook to factory settings,0,23,0,74,0%,31.08%,0,3.36
macbook wont turn on,0,23,0,71,0%,32.39%,0,3
macbook keyboard replacement,0,23,0,67,0%,34.33%,0,1.01
screen repair apple,0,23,0,62,0%,37.10%,0,1.56
macbook air wont turn on,0,23,0,62,0%,37.10%,0,3
apple airpods warranty,0,23,0,59,0%,38.98%,0,2.32
apple app store refund,0,23,0,56,0%,41.07%,0,1.62
airpods not charging,0,23,0,49,0%,46.94%,0,1
how to reset mac to factory settings,0,22,0,866,0%,2.54%,0,4.86
serial number,0,22,0,675,0%,3.26%,0,4.16
itunes store login,0,22,0,350,0%,6.29%,0,6.61
apple screenshot,0,22,0,227,0%,9.69%,0,1.96
factory reset imac,0,22,0,227,0%,9.69%,0,4.99
transfer photos from iphone to pc,0,22,0,223,0%,9.87%,0,2.91
right airpod,0,22,0,191,0%,11.52%,0,1.46
how to add card to apple wallet,0,22,0,163,0%,13.50%,0,1.01
iphone factory reset,0,22,0,157,0%,14.01%,0,1.08
i forgot apple id,0,22,0,140,0%,15.71%,0,4.79
unlock iphone 7,0,22,0,132,0%,16.67%,0,1.91
screen shot macbook,0,22,0,125,0%,17.60%,0,2.02
report a problem,0,22,0,124,0%,17.74%,0,2.1
can't remember apple id password,0,22,0,106,0%,20.75%,0,2.66
macbook sound not working,0,22,0,88,0%,25%,0,2.22
sign into apple id,0,22,0,88,0%,25%,0,2.58
check airpods serial number,0,22,0,80,0%,27.50%,0,2.35
connect xbox controller to ipad,0,22,0,69,0%,31.88%,0,3.16
how to connect controller to iphone,0,22,0,64,0%,34.38%,0,1.06
digital touch message,0,22,0,53,0%,41.51%,0,1.11
apple watch not charging,0,22,0,52,0%,42.31%,0,2.08
iphone xs battery replacement,0,22,0,42,0%,52.38%,0,1.36
ipad screen replacement,0,21,0,874,0%,2.40%,0,3.05
how to reset mac,0,21,0,515,0%,4.08%,0,5
how to do a screenshot on a mac,0,21,0,328,0%,6.40%,0,1.05
how to clear iphone,0,21,0,275,0%,7.64%,0,3.87
how to factory reset mac,0,21,0,274,0%,7.66%,0,4.76
apple support contact australia,0,21,0,239,0%,8.79%,0,3.35
how to recover apple id password,0,21,0,202,0%,10.40%,0,3.69
applecare +,0,21,0,185,0%,11.35%,0,3.17
backup iphone to icloud,0,21,0,179,0%,11.73%,0,2.25
apple mac support,0,21,0,177,0%,11.86%,0,2.23
how to connect xbox controller to ipad,0,21,0,177,0%,11.86%,0,3.69
iphone 7 plus screen repair,0,21,0,151,0%,13.91%,0,3.28
your apple id has been locked for security reasons,0,21,0,147,0%,14.29%,0,2.96
macbook print screen,0,21,0,144,0%,14.58%,0,2.64
create new apple id online,0,21,0,138,0%,15.22%,0,3.17
apple airpods support,0,21,0,120,0%,17.50%,0,2.48
apple replacement airpod,0,21,0,94,0%,22.34%,0,2.54
macbook split screen,0,21,0,90,0%,23.33%,0,1.94
how to upload photos to icloud,0,21,0,86,0%,24.42%,0,1.98
iphone repair cost,0,21,0,82,0%,25.61%,0,1.45
windows 10 for mac,0,21,0,77,0%,27.27%,0,3.69
how to use shortcuts,0,21,0,76,0%,27.63%,0,1.34
how to update my mac,0,21,0,74,0%,28.38%,0,1.27
8.8591E+30,0,21,0,57,0%,36.84%,0,1
how to reset ipad without passcode,0,21,0,54,0%,38.89%,0,1.74
create icloud,0,21,0,44,0%,47.73%,0,1.02
apple support online chat,0,21,0,31,0%,67.74%,0,1
apple watch series 3 screen repair,0,21,0,31,0%,67.74%,0,1.52
icloud for pc,0,21,0,31,0%,67.74%,0,2.06
iphone sim not supported,0,21,0,29,0%,72.41%,0,1.14
iphone screenshot,0,20,0,1478,0%,1.35%,0,5.15
how do you take a screenshot on a mac,0,20,0,393,0%,5.09%,0,1.01
imessage not working,0,20,0,294,0%,6.80%,0,4.26
shortcuts app,0,20,0,254,0%,7.87%,0,2.06
block number iphone,0,20,0,254,0%,7.87%,0,2.99
how to hide app in iphone,0,20,0,253,0%,7.91%,0,4.78
how to backup iphone to icloud,0,20,0,239,0%,8.37%,0,2.93
show battery percentage iphone,0,20,0,236,0%,8.47%,0,1.59
how to find my iphone,0,20,0,227,0%,8.81%,0,1
airpods latest firmware,0,20,0,197,0%,10.15%,0,3.02
how to make a group chat on messages,0,20,0,186,0%,10.75%,0,2.07
iphone imei check,0,20,0,164,0%,12.20%,0,6.1
how to screenshot macbook,0,20,0,159,0%,12.58%,0,2.86
mac screen capture,0,20,0,158,0%,12.66%,0,1.97
find my app,0,20,0,152,0%,13.16%,0,2.61
spotlight search,0,20,0,151,0%,13.25%,0,2.29
airpod manual,0,20,0,139,0%,14.39%,0,1.47
apple macbook pro battery replacement,0,20,0,133,0%,15.04%,0,3.22
how to update mac software,0,20,0,123,0%,16.26%,0,2.19
my apple devices,0,20,0,114,0%,17.54%,0,3.15
why won't my hotspot work,0,20,0,113,0%,17.70%,0,1.21
iphone 8 screen repair,0,20,0,110,0%,18.18%,0,1.91
mac take screenshot,0,20,0,101,0%,19.80%,0,1.03
airpods settings,0,20,0,93,0%,21.51%,0,1.39
new itunes account,0,20,0,90,0%,22.22%,0,3.5
itunes driver not installed,0,20,0,58,0%,34.48%,0,2.62
iphone 11 screen repair,0,20,0,55,0%,36.36%,0,1.56
how to reset iphone without passcode,0,20,0,54,0%,37.04%,0,2
icloud subscription,0,20,0,53,0%,37.74%,0,2.17
apple restore,0,20,0,53,0%,37.74%,0,2.55
cancel itunes purchase,0,20,0,49,0%,40.82%,0,1.96
apple icloud login,0,19,0,2146,0%,0.89%,0,5.71
how to screen shot on a mac,0,19,0,416,0%,4.57%,0,1
how to do screenshot on mac,0,19,0,291,0%,6.53%,0,1.01
what is my apple id,0,19,0,235,0%,8.09%,0,2.11
13.3.1,0,19,0,218,0%,8.72%,0,1.96
how to turn off find my iphone,0,19,0,206,0%,9.22%,0,2.03
how to restart ipad,0,19,0,195,0%,9.74%,0,2.27
battery percentage iphone,0,19,0,168,0%,11.31%,0,1.44
download itunes for pc,0,19,0,140,0%,13.57%,0,2.06
get apple id,0,19,0,133,0%,14.29%,0,3.94
how to cancel itunes subscription,0,19,0,120,0%,15.83%,0,2.35
ipad screen rotation,0,19,0,117,0%,16.24%,0,2.21
apple music replay,0,19,0,112,0%,16.96%,0,1.75
icloud cost,0,19,0,107,0%,17.76%,0,2.89
ipad won't turn on,0,19,0,96,0%,19.79%,0,3.58
icloud backup failed,0,19,0,92,0%,20.65%,0,2.12
apple help desk,0,19,0,81,0%,23.46%,0,3.51
mac os 10.11,0,19,0,79,0%,24.05%,0,2.23
apple store support,0,19,0,77,0%,24.68%,0,2.25
apple pencil not working,0,19,0,74,0%,25.68%,0,1
live photos iphone,0,19,0,67,0%,28.36%,0,1.09
support apple restore,0,19,0,58,0%,32.76%,0,4.72
apple quality program,0,19,0,54,0%,35.19%,0,1
how to sync iphone to itunes,0,19,0,53,0%,35.85%,0,1.32
a1842,0,19,0,37,0%,51.35%,0,1
how to unsubscribe from calendar on iphone,0,19,0,37,0%,51.35%,0,1
apple fix screen,0,19,0,37,0%,51.35%,0,1.78
apple screen repair cost,0,19,0,37,0%,51.35%,0,1.78
lost airpod,0,19,0,33,0%,57.58%,0,1
icloud desktop app,0,19,0,31,0%,61.29%,0,1.19
iphone screen repair cost,0,18,0,381,0%,4.72%,0,3.63
restore iphone from icloud,0,18,0,318,0%,5.66%,0,1.09
how to download photos from iphone to pc,0,18,0,318,0%,5.66%,0,2.91
how to make an apple id,0,18,0,294,0%,6.12%,0,4.16
screenshot in mac,0,18,0,285,0%,6.32%,0,1
voice recorder iphone,0,18,0,265,0%,6.79%,0,3
latest airpods firmware,0,18,0,248,0%,7.26%,0,3.08
how to get photos from iphone to pc,0,18,0,206,0%,8.74%,0,2.89
mac shortcuts,0,18,0,168,0%,10.71%,0,3.21
how do i restore my mac to factory settings?,0,18,0,161,0%,11.18%,0,4.2
iphone unlock,0,18,0,158,0%,11.39%,0,2.49
how to import photos from iphone to pc,0,18,0,158,0%,11.39%,0,2.88
textedit,0,18,0,154,0%,11.69%,0,1.35
how to wipe macbook,0,18,0,144,0%,12.50%,0,2.83
how to take a screenshot on macbook,0,18,0,138,0%,13.04%,0,2.27
itunes login australia,0,18,0,128,0%,14.06%,0,4.01
iphone alarm volume,0,18,0,127,0%,14.17%,0,1
mac factory reset,0,18,0,123,0%,14.63%,0,4.83
screenshots on mac,0,18,0,120,0%,15%,0,1
setting up apple pay,0,18,0,114,0%,15.79%,0,1.06
airpods repair,0,18,0,106,0%,16.98%,0,1.21
apple watch activation lock,0,18,0,105,0%,17.14%,0,2.84
icloud pricing,0,18,0,103,0%,17.48%,0,2.16
resetting apple id,0,18,0,101,0%,17.82%,0,2.77
ipad a1460,0,18,0,98,0%,18.37%,0,2.37
macbook boot from usb,0,18,0,92,0%,19.57%,0,2.36
how to reset my apple id,0,18,0,92,0%,19.57%,0,3.07
connect iphone to itunes,0,18,0,90,0%,20%,0,2.72
iphone xs screen repair,0,18,0,83,0%,21.69%,0,1.78
apple airpods replacement,0,18,0,80,0%,22.50%,0,2.55
connect mac to tv,0,18,0,69,0%,26.09%,0,1
apple subscriptions iphone,0,18,0,64,0%,28.12%,0,1.12
how to connect apple watch to new phone,0,18,0,63,0%,28.57%,0,1.37
a1469 apple tv,0,18,0,62,0%,29.03%,0,1